                                               新聞稿
                        行政院主計總處
公務預算處、基金預算處                             臺北市忠孝東路一段 1號   電話：(02)3356-6500
綜合規劃處、會計決算處、綜合統計處、國勢普查處、主計資訊處           臺北市廣州街 2號      電話：(02)2380-3400
網址：www.dgbas.gov.tw                                    傳真：(02)2380-3644

中華民國 115 年 9 月 14 日下午 4 時發布，並透過網際網路發送
主辦單位：國勢普查處薪資調查科
新聞聯繫人：劉佳鑫科長 電話：(02)2380-3625



                 115 年 7 月工業及服務業薪資統計結果
             (附載：114 年工業及服務業勞動報酬統計結果)

壹、統計結果提要
 一、7 月本國籍全時受僱員工經常性薪資平均數為 52,528 元，年增 3.67%；
     獎金及加班費等非經常性薪資 22,299 元，合計後總薪資平均數為 74,827
     元，年增 8.08%。經常性薪資中位數為 41,397 元，年增 4.04%。
 二、7 月部分工時員工經常性薪資平均數為 21,666 元，年增 3.73%；加計獎金
     及加班費後，總薪資平均數為 22,544 元，年增 4.11%。經常性薪資中位
     數為 16,229 元，年增 1.57%。
 三、7 月包括本國籍全時、部分工時員工及產業移工之全體受僱員工經常性
     薪資平均數為 49,491 元，年增 3.32%；獎金及加班費等非經常性薪資
     21,674 元，合計後總薪資平均數為 71,165 元，年增 8.25%。經常性薪資
     中位數為 39,629 元，年增 3.47%。
 四、7 月底全體受僱員工人數 862 萬 7 千人，年增 8 萬 7 千人或 1.01 %。
貳、統計結果
 一、115 年 7 月受僱員工每人薪資
  （一） 7 月本國籍全時受僱員工經常性薪資平均數為 52,528 元，較上(114)
        年同月增加 3.67%；獎金及加班費等非經常性薪資 22,299 元，合計
        後總薪資平均數為 74,827 元，較上年同月增加 8.08%。經常性薪資
        中位數為 41,397 元，較上年同月增加 4.04%。
  （二） 部分工時員工因工時較短(7 月總工時平均為 97.7 小時，較上年同月
        減少 1.0 小時)，7 月經常性薪資平均數為 21,666 元，較上年同月增
        加 3.73%，平均經常性時薪 226 元，較上年同月增加 5.12%；加計

                                 1
         獎金及加班費後，總薪資平均數為 22,544 元，較上年同月增加
         4.11%；經常性薪資中位數為 16,229 元，較上年同月增加 1.57%。
 （三） 7 月包括本國籍全時、部分工時員工及產業移工之全體受僱員工經
         常性薪資平均數為 49,491 元，較上年同月增加 3.32%；獎金及加班
         費等非經常性薪資 21,674 元，合計後總薪資平均數為 71,165 元，較
         上年同月增加 8.25%。經常性薪資中位數為 39,629 元，較上年同月
         增加 3.47%。
   工業及服務業受僱員工人數、薪資、工時統計指標摘要－按僱用型態分
                     115 年     115 年    115 年       115 年    115 年    115 年    較上月      較上年同
     項 目    別          2月        3月       4月          5月       6月       7月     增減率      月增減率
                                                               ○
                                                               R        ○
                                                                        P       (%)      (%)
本國籍全時受僱員工
人數(千人)                 7 511    7 512    7 507       7 506    7 506    7 531     0.34     0.30
每人總薪資平均數(元)          106 171   61 198   60 922      66 508   64 078   74 827    16.77     8.08
   經常性薪資平均數(元)        51 380   51 650   52 076      52 171   52 340   52 528     0.36     3.67
          中位數(元)      40 736   40 890   41 005      41 086   41 232   41 397     0.40     4.04
部分工時受僱員工
人數(千人)                  408       406        410       413      417      426     2.28     3.71
每人總薪資平均數(元)           23 215   21 947   22 276      22 315   22 459   22 544     0.38     4.11
   經常性薪資平均數(元)        19 333   21 098   21 176      21 270   21 289   21 666     1.77     3.73
          中位數(元)      15 056   16 233   16 155      16 359   16 125   16 229     0.64     1.57
每人平均總工時(小時)             88.2     96.6        96.8     96.8     96.8     97.7     0.93    -1.01
每人平均總時薪(元)              263       227        230       231      232      231    -0.43     5.48
每人平均經常性時薪(元)            234       222        225       225      225      226     0.44     5.12
全體受僱員工
人數(千人)                 8 555    8 562    8 566       8 574    8 585    8 627     0.49     1.01
每人總薪資平均數(元)           99 821   57 681   57 448      62 787   60 381   71 165    17.86     8.25
   經常性薪資平均數(元)        48 497   48 810   49 160      49 222   49 344   49 491     0.30     3.32
          中位數(元)      39 034   39 255   39 369      39 451   39 512   39 629     0.30     3.47
     加班費平均數(元)         2 493    2 508    2 594       2 571    2 525    2 492    -1.31     7.93
每人平均總工時(小時)            123.4    178.6    166.2       166.2    171.4    183.0     6.77     1.27
   平均加班工時(小時)            8.9      9.0         9.4      9.3      9.1      8.9    -2.20     4.71
註：1. 全體受僱員工含本國籍、外國籍之全時員工及部分工時員工。
  2. ○
     R 表修正後統計結果，○     P 表初步統計結果，以下各表均同。
  3. 平均總時薪＝總薪資平均數／總工時，平均經常性時薪＝經常性薪資平均數／正常工時，總工時＝正常工時＋加班工時。
  4. 經常性薪資中位數之統計方法、資料來源及發布內容請參閱「肆、附錄」之二及三，以下各表均同。
  5. 自 113 年 1 月起依「110 年工業及服務業普查統計結果」及「行業統計分類(第 11 次修正)」編布本項統計結果，並往前追
     溯校正時間數列資料，以下各表均同。

 二、115 年 1 至 7 月受僱員工每人薪資
  (一) 1 至 7 月本國籍全時受僱員工每月經常性薪資平均數為 51,979 元，
         較上年同期增加 3.21%，累計總薪資平均數亦增 4.14%；剔除物價
         因素後，實質經常性薪資平均數年成長 1.38%，累計實質總薪資平

                                         2
         均數亦成長 2.29%。經常性薪資中位數為 41,054 元，較上年同期增
         加 3.37%，實質經常性薪資中位數年成長 1.54%。
  (二) 1 至 7 月部分工時員工每月經常性薪資平均數為 21,000 元，較上年同
         期增加 2.22%。經常性薪資中位數為 16,098元，較上年同期增加 2.52%。

 歷年 1 至 7 月工業及服務業平均受僱員工人數及薪資－本國籍全時受僱員工
      項目別         110 年      111 年       112 年      113 年      114 年      115 年○
                                                                               P


月底平均受僱人數(千人)         7 444      7 512       7 473      7 471      7 487      7 514
     年增率(%)           0.79       0.91       -0.51      -0.03       0.22       0.36
每人每月經常性薪資
  平均數(元)            44 992     46 399      47 556     48 816     50 363     51 979
     年增率(%)           1.64       3.13        2.49       2.65       3.17       3.21
  中位數(元)            36 000     36 668      37 513     38 595     39 716     41 054
     年增率(%)           1.31       1.86        2.30       2.88       2.90       3.37
每人每月實質經常性薪資
  平均數(元)            45 286     45 272      45 374     45 529     46 107     46 744
     年增率(%)           0.11      -0.03        0.23       0.34       1.27       1.38
  中位數(元)            36 236     35 777      35 791     35 996     36 360     36 919
     年增率(%)          -0.21      -1.27        0.04       0.57       1.01       1.54
每人累計總薪資平均數(元)      433 223    447 979     453 838    473 627    491 771    512 134
     年增率(%)           2.91       3.41        1.31       4.36       3.83       4.14
每人累計實質總薪資平均數(元)    436 058    437 094     433 013    441 735    450 219    460 551
     年增率(%)           1.36       0.24       -0.93       2.01       1.92       2.29
註：1. 歷年平均薪資統計係按當年度各月薪資，以受僱員工人數加權平均編算，累計總薪資則係以 1 月至當月之薪資總額
     計算每人平均數。
  2. 實質薪資係指經消費者物價指數(110 年＝100)平減後之金額。

  歷年 1 至 7 月工業及服務業平均受僱員工人數及薪資－部分工時受僱員工
      項目別         110 年      111 年       112 年      113 年      114 年      115 年○
                                                                               P


月底平均受僱人數(千人)          385        394         396        396        403        413
     年增率(%)          -1.83       2.49        0.51       0.08       1.63       2.61
每人每月經常性薪資
  平均數(元)            19 022     18 702      19 359     20 203     20 543     21 000
     年增率(%)           0.99      -1.68        3.51       4.36       1.68       2.22
  中位數(元)            16 306     15 932      15 787     15 645     15 703     16 098
     年增率(%)          -1.16      -2.29       -0.91      -0.90       0.37       2.52
每人累計總薪資平均數 (元)     141 862    139 062     144 872    149 814    153 356    158 438
     年增率(%)           1.63      -1.97        4.18       3.41       2.36       3.31
註：同上表。

  (三) 1 至 7 月全體受僱員工每月經常性薪資平均數為 49,054 元，較上年
         同期增加 2.94%，累計總薪資平均數亦增 4.18%；實質經常性薪資

                                     3
         平均數年成長 1.12%，累計實質總薪資平均數亦成長 2.33%。經常
         性薪資中位數為 39,341 元，較上年同期增加 3.06%，實質經常性薪
         資中位數年成長 1.24%。

   歷年 1 至 7 月工業及服務業平均受僱員工人數及薪資－全體受僱員工
      項目別         110 年      111 年       112 年      113 年      114 年      115 年○
                                                                               P


月底平均受僱人數(千人)         8 322      8 391       8 413      8 434      8 500      8 579
     年增率(%)           0.84       0.83        0.26       0.25       0.79       0.92
每人每月經常性薪資
  平均數(元)            42 806     44 095      45 097     46 271     47 653     49 054
     年增率(%)           1.69       3.01        2.27       2.60       2.99       2.94
  中位數(元)            34 297     35 082      35 975     37 136     38 172     39 341
     年增率(%)           1.66       2.29        2.55       3.23       2.79       3.06
每人每月實質經常性薪資
  平均數(元)            43 086     43 024      43 027     43 155     43 626     44 113
     年增率(%)           0.17      -0.14        0.01       0.30       1.09       1.12
  中位數(元)            34 521     34 230      34 324     34 635     34 946     35 379
     年增率(%)           0.14      -0.84        0.27       0.91       0.90       1.24
每人累計總薪資平均數 (元)     410 249    424 592     429 345    446 691    463 687    483 077
     年增率(%)           2.79       3.50        1.12       4.04       3.80       4.18
每人累計實質總薪資平均數(元)    412 930    414 274     409 640    416 612    424 508    434 420
     年增率(%)           1.25       0.33       -1.12       1.70       1.90       2.33
註：同上表。


 （四） 全體受僱員工行業別薪資
   1. 因個別受僱員工從事行業、個人條件及資歷(如教育程度、職業、工
         作年資等)不同，致其薪資與整體受僱員工平均薪資有所差異，觀察
         其中行業部分，1至7月每月經常性薪資平均數較低者為住宿及餐飲
         業34,858元、其他服務業(如美容美髮及用品維修)37,391元，另受僱
         員工人數較多之製造業46,977元，亦低於全體受僱員工平均數(惟其
         中電子零組件製造業58,243元)；至金融及保險業74,694元、出版影
         音及資通訊業71,121元、專業科學及技術服務業59,675元等，則為
         經常性薪資平均數較高之行業。
   2. 觀察 1 至 7 月各行業受僱員工經常性薪資中位數，仍以其他服務業、
         住宿及餐飲業較低，分別為 31,017 元與 31,912 元，製造業 37,803 元
         亦低於全體受僱員工中位數(惟其中電子零組件製造業 48,310 元)；
         至金融及保險業、出版影音及資通訊業、專業科學及技術服務業，

                                     4
        則仍屬經常性薪資中位數較高之行業，分別為 60,307 元、54,708 元、
        45,158 元。
   3. 觀察 1 至 7 月行業別經常性薪資平均數變動情形，各行業多較上年成
        長，其中金融及保險業年增 5.58%、批發及零售業年增 3.58%、醫療
        保健及社會工作服務業亦年增 3.20%。累計總薪資平均數部分，製造
        業年增 6.43%，其中電子零組件製造業年增 9.84%、金融及保險業年
        增 6.10%、批發及零售業亦年增 3.22%。

 115 年 1 至 7 月各業平均受僱員工人數結構及薪資增減情形－全體受僱員工
                                                 每月經常性薪資                   累計
                    月底平均
                    受僱人數                                                  總薪資        較上年同
    行 業    別              結構比           平均數 較上年同 中位數 較上年同                 平均數
                     (千人)               (元/人) 期增減率 (元) 期增減率               (元/人)      期增減率
                           (%)
                     ○
                     P                    ○
                                          P    (%)  ○
                                                    P   (%)                ○
                                                                           P          (%)

工業及服務業                8 579    100.00   49 054    2.94    39 341   3.06    483 077     4.18
 工業部門                 3 464     40.38   46 930    2.86    37 979   3.25    517 755     5.89
 礦業及土石採取業                 3      0.03   50 223    3.82    43 588   3.06    554 155     6.42
 製造業                  2 883     33.61   46 977    2.93    37 803   3.44    536 900     6.43
  電子零組件製造業               663     7.73   58 243    2.33    48 310   3.40    890 743     9.84
  電腦電子光學製品製造業            260     3.03   54 237    1.90    44 347   1.70    668 843     3.11
 電力及燃氣供應業                 37     0.44   68 299    3.77    65 251   3.34    785 890     3.33
 用水供應及污染整治業               39     0.45   41 981    2.99    37 346   3.63    380 261     1.79
 營建工程業                   502     5.85   45 425    2.31    37 562   1.83    398 132     2.44
 服務業部門                5 114     59.62   50 494    2.98    40 253   3.37    459 592     2.94
 批發及零售業               1 734     20.21   48 914    3.58    39 387   3.97    416 633     3.22
   批發業                1 056     12.31   51 835    3.91    40 329   3.87    446 628     3.27
   零售業                   678     7.90   44 363    3.13    38 126   4.04    369 908     3.34
 運輸及倉儲業                  299     3.48   52 458    3.01    44 459   3.03    487 011     1.85
 住宿及餐飲業                  570     6.65   34 858    -0.37   31 912   1.22    279 426     0.56
 出版影音及資通訊業               269     3.14   71 121    2.46    54 708   2.74    659 246     2.64
 金融及保險業                  418     4.87   74 694    5.58    60 307   4.57    930 090     6.10
 不動產業                    132     1.54   45 383    2.25    37 745   3.36    420 182     1.34
 專業、科學及技術服務業             345     4.02   59 675    2.70    45 158   0.98    524 286     2.26
 支援服務業                   458     5.34   38 297    2.59    34 148   4.98    301 945     3.13
 教育業(註)                  161     1.87   32 372    3.24    32 168   4.27    261 709     2.82
 醫療保健及社會工作服務業            534     6.22   57 364    3.20    44 493   2.61    525 245     2.30
 藝術、娛樂及休閒服務業              82     0.95   41 207    1.81    33 143   1.01    325 710     2.22
 其他服務業                   114     1.33   37 391    2.17    31 017   4.53    297 402     1.84
註：教育業不含小學以上各級公私立學校等，僅涵蓋「學前教育、教育輔助及其他教育業」，如幼兒園、各類補習班、才
  藝班、汽車駕駛訓練班及代辦留(遊)學服務等。

                                        5
     （五） 全體受僱員工個人特性別經常性薪資中位數

        1. 1 至 7 月女性全體受僱員工經常性薪資中位數為 37,445 元，男性為
               41,189 元；若與上年同期比較，分別增加 3.57%及 3.16%。
        2. 1 至 7 月未滿 30 歲者經常性薪資中位數為 32,492 元，後隨年齡增長，
               薪資因工作經驗及專業程度之累積而提高，50 至 64 歲者增至 44,019
               元；至 65 歲以上者因包括退休後二度就業之員工，中位數降為
               38,935 元。
        3. 1 至 7 月經常性薪資中位數隨教育程度提高而遞增，專科及大學程
               度者為 41,814 元，研究所程度者為 68,152 元。

      歷年 1 至 7 月工業及服務業個人特性別經常性薪資中位數－全體受僱員工
                              較上年同       較上年同       較上年同       較上年同       較上年同
        項目別          111 年         112 年      113 年      114 年      115 年
                              期增減率       期增減率       期增減率       期增減率   ○
                                                                      P
                                                                          期增減率
                               (%)        (%)        (%)        (%)        (%)
性別
 男                   36 886     2.17    37 573   1.86   38 812   3.30   39 927   2.87   41 189   3.16
 女                   33 256     3.23    34 114   2.58   35 069   2.80   36 155   3.10   37 445   3.57
年齡別
 未滿 30 歲             29 437     4.90    30 139   2.38   30 846   2.35   31 553   2.29   32 492   2.98
     未滿 25 歲         26 677     4.73    27 381   2.64   28 455   3.92   29 114   2.32   29 825   2.44
     25-29 歲         32 082     4.09    32 995   2.85   34 032   3.14   35 193   3.41   36 312   3.18
 30-39 歲             35 927     2.21    36 592   1.85   37 654   2.90   38 893   3.29   40 171   3.29
 40-49 歲             39 819     1.59    40 193   0.94   40 880   1.71   41 892   2.48   43 138   2.97
 50-64 歲             41 082     0.71    41 494   1.00   42 288   1.91   43 035   1.77   44 019   2.29
 65 歲以上              35 450     -0.62   36 384   2.63   37 862   4.06   38 282   1.11   38 935   1.71
教育程度別
 國中及以下               29 851     2.57    30 480   2.11   31 150   2.20   31 702   1.77   32 707   3.17
 高級中等(高中、高職)         31 788     2.19    32 605   2.57   33 289   2.10   34 144   2.57   35 280   3.33
 專科及大學               37 080     2.34    37 957   2.37   39 161   3.17   40 364   3.07   41 814   3.59
 研究所                 60 288     3.78    61 710   2.36   63 672   3.18   66 305   4.14   68 152   2.79



 三、全體受僱員工每人工時
     （一）7 月全體受僱員工總工時平均為 183.0 小時，較上年同月增加 2.3 小時。




                                                 6
（二）1 至 7 月平均每月總工時為 166.0 小 小時                              歷年1至7月平均每月總工時
                                                172.8
                                    176                                                  167.3 166.0
    時，較上年同期減少 1.3 小時，其              160
                                                    167.8


    中正常工時減少 1.7 小時，加班工              144

    時則增 0.4 小時。                     128
                                                ≈
                                    112
                                      0          104 105 106 107 108 109 110 111 112 113 114 115 年
四、全體受僱員工每人加班工時及加班費

（一）7 月全體受僱員工加班工時平均為 8.9 小時，較上年同月增加 0.4 小
    時，其中製造業為 18.0 小時，較上年同月增加 1.0 小時；1 至 7 月平
    均每月加班工時為 9.1 小時，較上年同期增加 0.4 小時，其中製造業
    為 17.8 小時，亦增 0.8 小時。                歷年1至7月平均每月加班費及加班工時
                                  元                                                           小時
                                                                全體加班費
（二）7 月加班費平均為 2,492 元，較          2,600                製造業加班工時
                                                                                   2,530
                                                                                               20
                                                                                2,373

    上年同月增加 7.93%；1 至 7 月        2,200                                           17.0
                                                                                       17.8    16
                                         15.9 15.4
    平均每月加班費為 2,530 元，較          1,800 1,565
                                            全體加班工時                                             12
                                                1,581

    上年同期增加 6.62%。               1,400                                                          8
                                            8.5 8.2                              8.7 9.1
                                        ≈                                                 ≈
                                1,000
                                   0                                                           40
                                         104 105 106 107 108 109 110 111 112 113 114 115 年
五、全體受僱員工人數

（一）7 月底受僱員工人數為 862 萬 7 千人，較上年同月底增加 8 萬 7 千人
    或 1.01%，其中製造業年增 2 萬 7 千人最多，住宿及餐飲業年增 2 萬
    1 千人次之，批發及零售業、醫療保健及社會工作服務業亦分別年
    增 1 萬 6 千人及 1 萬 5 千人。

（二）1 至 7 月平均每月受僱員工人數為 857 萬 9 千人，較上年同期增加 7
    萬 9 千人或 0.92%，其中工業部門
                                                歷年1至7月平均每月受僱員工人數增減
    增加 2 萬 1 千人或 0.64%，服務業              千人
                                                        年增減率
                                                                                                       %
                                        300                                                            3
    部門亦增 5 萬 6 千人或 1.12%。就                       2.24
                                        200             1.38                                           2
    行業別觀察，住宿及餐飲業年增 2                                                                      0.79 0.92
                                        100                                                            1
    萬 3 千人，製造業年增 1 萬 8 千人，                  0                                                          0
                                                    164 104                                   66 79
    批發及零售業年增 1 萬 5 千人，醫             -100
                                                                 年增減值
                                                                                                       -1
                                           104 105 106 107 108 109 110 111 112 113 114 115 年
    療保健及社會工作服務業年增 1 萬                   註：108年因行業擴增，為利比較，其年增減係按107年行業範
                                          圍進行統計。
    4 千人，出版影音及資通訊業則年
    減 6 千人。

                            7
六、全體受僱員工進退狀況
 （一）7 月全體受僱員工因增僱或召回等原因而進入之人數為 26 萬 2 千人，
       較上年同月增加 5 千人，其中製造業增加 4 千人最多，批發及零售
       業增加 3 千人次之；因辭職、解僱、退休等原因而退出之人數為 22
       萬人，較上年同月增加 3 千人，其中批發及零售業、住宿及餐飲業
       均增 2 千人最多。
 （二）7月進入率為 3.05%，較上年同月增
                                         %                歷年1至7月平均每月進退率
       加 0.03 個百分點；7 月退出率為              2.6
                                                2.45            退出率
       2.56%，較上年同月亦增 0.01 個百            2.4        2.29
                                                                                     2.36 2.37

       分點。                              2.2                                           2.30 2.27
                                                2.27 2.17
 （三）1 至 7 月平均每月進入率為 2.37%，              2.0                  進入率
                                               ≈
       年增 0.01 個百分點；同期間退出率              1.80
                                               104 105 106 107 108 109 110 111 112 113 114 115 年
       為 2.27%，年減 0.03 個百分點。

參、發布概況
一、本新聞稿透過網際網路系統同步發送，網址如下：
   https://www.stat.gov.tw/News.aspx?n=2724&sms=10980。
二、115 年 8 月工業及服務業薪資統計初步結果訂於 115 年 10 月 15 日下午
   4 時發布，並同步辦理資料說明會，不另發開會通知，至修正後統計結
   果則於 115 年 9 月初步結果發布時同步公布於本總處網站。

肆、附錄
一、統計範圍與定義
 （一）本項統計範圍為場所單位僱用之領薪員工，不包括農林漁牧業、政
       府機關、小學以上各級公私立學校，以及宗教、職業團體及類似組
       織等行業之僱用員工。
 （二）110 年 1 月起擴增行業範圍包括「研究發展服務業」、「學前教育」
       及「社會工作服務業」，相關資料追溯至 108 年。
 （三）本項統計之薪資係指廠商支付給員工之工作報酬，包括經常性薪資
       (即一般慣稱之「月薪」，含本薪、按月津貼及獎金)及非經常性薪資
       (年終獎金、年節獎金、員工酬勞(紅利)、績效獎金及加班費等)，以
       上均不扣除應付所得稅、保險費、工會會費及自提退休金等，但不
                                 8
   含個人其他來源所得或收入，例如股息、利息、兼職或租賃等所得，
   亦不含雇主負擔或提撥之保險費、退休金與資遣費等非薪資報酬。
（四）本月底受僱員工人數為上月底受僱員工人數加上本月進入人數後，
   扣除本月退出人數，但年平均資料並不成立，主因受僱員工人數年
   資料為各月平均數，非年底人數。
二、經常性薪資中位數及分布統計編製方法
（一）為提升受僱員工涵蓋範圍完整性，爰將勞工保險檔、勞退月提繳工
   資檔、全民健康保險檔等按月扣(提)繳薪資大數據資料整合為作業
   主檔，先剔除其中不符受僱員工定義之投保者(如以工會名義投保之
   自營作業者等)，再運用工業及服務業普查母體資料庫校正行業範圍，
   並連結當月戶籍檔取得年齡、教育程度等個人特性別資料後進行編
   布作業。另考量編布初步結果(以○
                  P 註記)時尚未取得當月之勞退月

   提繳工資檔，爰運用上月資料進行編布，俟取得當月資料後，再於
   次月修正統計結果(以○
             R 註記)。

                   編製流程圖

  按月勞工保險檔        按月勞退提繳工資檔            按月全民健康保險檔

                          剔除勞工退休金自願提繳部分

                          以企業及個人識別代碼連結比對
                          剔除不符受僱員工定義之投保者

               整合後按月保險檔(提繳工資檔)


                          以個人識別代碼比對     按月戶籍資料檔
                                      (取得個人特性別資料)


                          以企業識別代碼比對 工業及服務業母體資料庫
                                       (進行行業校正)


            運用妥適分配配適設限範圍(左、右尾)之資料



            工業及服務業受僱員工經常性薪資分布統計
  (包括分布圖、中位數及各等分位數；級距範圍內資料以線性插補法產製各類分配量數)




                      9
（二）因前述大數據資料來源皆以按月扣(提)繳薪資級距作為基準，且係
    具有最高(低)級距之設限資料(censored data)，爰運用線性插補法
    (linear interpolation)將級距資料差異化；並導入分配配適(distribution
    fitting)方法，估算高(低)於最高(低)級距 (即分配左右尾資料)受僱員
    工之月薪後，再進行中位數及分布統計編製作業，以提升統計確度。
三、經常性薪資中位數及分布統計發布內容與期程
       本總處自 113 年 7 月(資料時間)起每月同步編布經常性薪資中位數，
  並逐月追溯至 109 年 1 月；至經常性薪資分布統計(包括整體分布圖及
  十分位數、四分位數等指標)部分，自 113 年 9 月起，累計每年 1 至 3
  月、1 至 6 月、1 至 9 月及全年資料，一年編布 4 次，並追溯至 109 年
  第 1 季。
四、附表
  表 1 工業及服務業受僱員工薪資調查統計指標
  表 2 工業及服務業受僱員工每人平均總薪資－按行業別分
  表 3 製造業受僱員工每人平均總薪資－按中分類行業別分
  表 4 服務業部門受僱員工每人平均總薪資－按主要行業別分
  表 5 工業及服務業受僱員工每人每月經常性薪資
  表 6 工業及服務業受僱員工每人每月經常性薪資－按受僱員工個人特性別分
  表 7 工業及服務業受僱員工每人每月經常性薪資－按行業別分
  表 8 工業及服務業受僱員工每人每月總工時－按行業別分
  表 9 工業及服務業受僱員工人數－按行業別分
  表 10 製造業受僱員工人數－按中分類行業別分
  表 11 服務業部門受僱員工人數－按主要行業別分
  表 12 工業及服務業受僱員工進入率－按行業別分
  表 13 工業及服務業受僱員工退出率－按行業別分


  ※有關薪資統計編製方法與名詞定義等請上網查閱
   網址：https://www.stat.gov.tw/News_Content.aspx?n=2713&s=103117




                              10
                        表1        工業及服務業受僱員工薪資調查統計指標
                 受僱員工人數                 進入人數             退出人數             每人每月總工時                 每人每月              每人每月
   年月別         合 計 工業 服務業                                                    加班工時                經常性薪資               加班費
                   部門 部門                        進入率              退出率           年增數                        年增率               年增率
               (千人) (千人)       (千人) (千人)        (%)     (千人)      (%) (小時) (小時) (小時)             (元)      (%)       (元)     (%)

106 年平均        7 777   3 343   4 434     187     2.41     172      2.22   169.5    7.9    -0.6   39 937    1.84     1 709    3.95
107 年平均        7 923   3 393   4 530     191     2.41     180      2.28   169.4    8.0    0.1    40 949    2.53     1 798    5.21
108 年平均        8 231   3 422   4 809     195     2.37     183      2.22   168.8    7.7       -   41 700         -   1 793         -
109 年平均        8 276   3 427   4 849     187     2.26     185      2.23   168.3    7.3    -0.4   42 281    1.39     1 765   -1.56
110 年平均        8 341   3 458   4 883     199     2.39     193      2.30   166.6    7.9    0.6    43 045    1.81     1 964   11.27
111 年平均        8 409   3 477   4 932     196     2.33     193      2.29   167.1    7.7    -0.2   44 210    2.71     1 993    1.48
112 年平均        8 423   3 452   4 971     192     2.28     192      2.28   168.3    8.0    0.3    45 197    2.23     2 087    4.72
113 年平均        8 457   3 435   5 022     197     2.33     191      2.26   169.2    8.5    0.5    46 450    2.77     2 282    9.34
114 年平均        8 523   3 448   5 075     201     2.35     195      2.29   168.9    8.8    0.3    47 885    3.09     2 402    5.26
      6月       8 500   3 444   5 056     201     2.36     198      2.33   173.3    8.6    0.0    47 821    2.89     2 366    2.25
      7月       8 540   3 455   5 086     257     3.02     217      2.55   180.7    8.5    0.1    47 903    2.92     2 309    3.73
      8月       8 545   3 452   5 093     235     2.75     230      2.70   172.4    8.8    0.2    48 075    2.87     2 408    3.93
      9月       8 547   3 454   5 093     229     2.67     227      2.65   173.2    8.6    0.2    48 124    3.22     2 351    4.86
      10 月     8 553   3 456   5 097     194     2.26     188      2.19   166.2    9.3    0.2    48 285    3.87     2 521    3.87
      11 月     8 562   3 456   5 106     174     2.04     165      1.93   163.8    8.8    -0.1   48 140    3.08     2 428    1.97
      12 月     8 567   3 456    5 111    172     2.00     167      1.95   179.5    9.0    0.3    48 414    3.09     2 500    7.39
115 年 1至 7月○
           P   8 579   3 464   5 114     203     2.37     195      2.27   166.0    9.1    0.4    49 054    2.94     2 530    6.62
      1月       8 581   3 460   5 122     186     2.18     172      2.01   172.8    9.1    0.4    48 852    2.97     2 526    5.69
      2月       8 555   3 448   5 107     175     2.04     201      2.34   123.4    8.9    0.6    48 497    2.52     2 493    8.02
      3月       8 562   3 459   5 103     212     2.48     205      2.40   178.6    9.0    0.4    48 810    2.69     2 508    8.10
      4月       8 566   3 462   5 104     194     2.26     190      2.21   166.2    9.4    0.4    49 160    2.93     2 594    6.53
      5月       8 574   3 465   5 109     187     2.19     180      2.10   166.2    9.3    0.2    49 222    2.97     2 571    3.46
      6 月○
         R     8 585   3 472   5 113     208     2.42     197      2.30   171.4    9.1    0.5    49 344    3.18     2 525    6.72
      7 月○
         P     8 627   3 486   5 141     262     3.05     220      2.56   183.0    8.9    0.4    49 491    3.32     2 492    7.93
增減值
 與上月比較           42      14       28      54     0.63      23      0.26    11.6    -0.2            147               - 33
 與上年同月比較         87      31       55       5     0.03       3      0.01     2.3    0.4            1 588              183
 與上年同期比較         79      21       56       2     0.01      -1     -0.03    -1.3    0.4            1 401              157
增減率 (%)
 與上月比較          0.49    0.41    0.54    25.93            11.49             6.77   -2.20            0.30             -1.31
 與上年同月比較        1.01    0.91    1.08     1.84             1.33             1.27   4.71             3.32              7.93
 與上年同期比較        0.92    0.64    1.12     1.32            -0.41            -0.78   4.60             2.94              6.62
註： 1.本統計結果不含農林漁牧業、政府機關、小學以上各級公私立學校、宗教、職業團體及類似組織等行業，107 年以前
     不含「研究發展服務業」、「學前教育」及「社會工作服務業」；因 108 年行業擴增幅度較大，當年數據不與前一年
     資料比較。
   2.○
     R 表修正後統計結果，○      P 表初步統計結果。

   3.自 113 年 1 月起依「110 年工業及服務業普查統計結果」及「行業統計分類(第 11 次修正)」編布本項統計結果，並往前
     追溯校正時間數列資料。
                            表2        工業及服務業受僱員工每人平均總薪資－按行業別分
                                                                                                                      單位：元
                                                        工業                                                 服務業

   年   月   別      總計                   礦業及                    電力及         用水供應及       營建                   批發及        運輸及
                            合計                    製造業                                            合計
                                      土石採取業                  燃氣供應業        污染整治業       工程業                  零售業        倉儲業

110 年累計           673 524   706 800     696 912    726 540    1 129 332     534 384    569 616   649 968    582 084    687 252
111 年累計           696 504   736 896     730 284    759 888    1 152 924     542 292    582 540   668 028    592 848    743 196
112 年累計           701 040   729 984     741 180    749 904    1 159 152     555 936    593 724   680 928    613 908    743 484
113 年累計           732 024   764 064     766 476    787 464    1 160 760     576 468    614 352   710 112    645 768    782 208
114 年累計           760 596   805 800     787 236    832 680    1 175 532     609 300    639 528   729 888    669 684    813 516
        6月         56 575    56 749      52 343     57 913       76 709      62 776     48 132    56 456     51 854     70 029
        7月         65 742    80 776      78 761     86 093      123 775      43 924     49 889    55 530     51 846     59 938
        8月         61 630    68 040      51 997     71 203       72 011      48 075     51 250    57 285     52 031     79 445
        9月         57 520    60 713      52 765     62 545       76 320      44 423     50 325    55 354     51 578     56 264
       10 月        57 263    59 208      52 327     60 688       74 151      44 791     50 781    55 943     52 861     56 731
       11 月        58 163    64 587      52 514     67 264       89 825      50 924     48 531    53 815     50 881     56 376
       12 月        62 459    64 351      56 391     66 575      103 318      47 566     50 058    61 179     58 748     86 542
115年1至7月累計○   P   483 077   517 755     554 155    536 900      785 890     380 261    398 132   459 592    416 633    487 011
        1月         73 831    76 203     114 312     78 144      118 941      58 929     62 984    72 229     65 270     75 885
        2月         99 821   106 938      70 065    111 317      107 153      73 909     84 498    95 016     81 167     98 886
        3月         57 681    56 316      53 931     57 536       78 908      44 503     48 568    58 606     53 591     62 147
        4月         57 448    57 319      54 539     58 805       78 886      44 936     48 144    57 535     53 691     58 477
        5月         62 787    68 072     122 375     69 497      189 393      48 769     51 877    59 203     54 496     60 213
        6 月○R      60 381    62 083      55 840     63 576       83 551      63 534     51 824    59 226     54 351     71 273
        7 月○P      71 165    90 854      81 567     98 015      128 054      45 906     50 430    57 812     54 087     60 187
當月與上月比較
  增減值              10 784    28 771      25 727     34 439      44 503      -17 628     -1 394    -1 414      - 264    -11 086
  增減率 (%)           17.86     46.34       46.07      54.17       53.26       -27.75      -2.69     -2.39      -0.49     -15.55
當月與上年同月比較
  增減值               5 423    10 078       2 806     11 922       4 279        1 982        541     2 282      2 241        249
  增減率 (%)            8.25     12.48        3.56      13.85        3.46         4.51       1.08      4.11       4.32       0.42
累計與上年同期比較
  增減值              19 390    28 777      33 439     32 424      25 291        6 699      9 478    13 118     13 013      8 841
  增減率 (%)            4.18      5.89        6.42       6.43        3.33         1.79       2.44      2.94       3.22       1.85
註：同表 1。
                            表2     工業及服務業受僱員工每人平均總薪資－按行業別分(續)
                                                                                                                           單位：元
                                                                     服務業

   年 月    別                                                                            教育業          醫療保健及
                 住宿及       出版影音及        金融及                    專業、科學及      支援                             藝術、娛樂及          其他
                                                    不動產業                              (不含小學以上各級      社會工作
                 餐飲業       資通訊業         保險業                    技術服務業       服務業          公私立學校等)
                                                                                                          休閒服務業           服務業
                                                                                                     服務業
110 年累計          418 608      902 232   1 190 508    684 168     762 084    449 592       378 420     774 264   464 844    436 824
111 年累計          433 308      943 212   1 206 516    682 104     785 652    455 160       389 388     801 540   480 108    456 540
112 年累計          451 944      965 208   1 178 916    664 044     802 092    470 316       401 196     822 192   498 096    475 188
113 年累計          462 816    1 005 864   1 287 828    684 828     821 724    487 776       409 452     826 632   512 748    482 400
114 年累計          468 324    1 037 208   1 319 952    670 500     843 744    496 776       423 048     847 716   530 352    494 400
         6月       37 244       83 405      88 724     49 868      66 481     40 614        32 431      66 590    42 260     39 355
         7月       37 171       77 979      88 417     50 046      67 826     40 363        32 658      65 941    42 503     39 775
         8月       37 924       83 415      94 773     51 435      63 532     40 555        33 217      64 944    42 721     38 557
         9月       37 373       77 493      88 162     53 600      65 301     40 538        34 299      67 329    42 963     39 821
        10 月      38 528       76 136      87 747     51 118      65 770     40 852        33 707      68 964    42 446     38 724
        11 月      37 478       76 307      81 960     47 743      61 872     40 204        33 473      64 912    41 522     38 830
        12 月      39 269       81 312      91 570     51 960      74 672     41 878        33 885      68 457    42 076     46 354
115年1至7月累計○  P   279 426      659 246     930 090    420 182     524 286    301 945       261 709     525 245   325 710    297 402
         1月       39 564      108 512     143 329     63 203      87 006     45 250        37 806      89 068    47 412     46 469
         2月       51 281      117 483     258 133    108 087     103 404     49 541        56 126     100 924    64 073     51 505
         3月       37 301      105 553      98 139     48 378      66 414     41 616        33 426      66 873    42 682     39 573
         4月       38 086       75 376     108 007     49 199      65 385     41 345        33 217      66 055    42 546     38 970
         5月       37 706       81 976     117 517     48 949      64 607     41 486        33 214      68 316    42 721     40 672
         6 月○R    37 823       87 643     100 594     51 332      70 232     41 839        33 635      68 496    43 495     41 079
         7 月○P    37 701       82 268     104 128     51 075      67 031     40 933        34 367      65 660    42 946     39 061
當月與上月比較
  增減值              - 122       -5 375      3 534       - 257      -3 201      - 906           732      -2 836     - 549     -2 018
  增減率 (%)          -0.32        -6.13       3.51       -0.50       -4.56      -2.17          2.18       -4.14     -1.26      -4.91
當月與上年同月比較
  增減值                530       4 289      15 711       1 029       - 795        570         1 709       - 281       443      - 714
  增減率 (%)           1.43        5.50       17.77        2.06       -1.17       1.41          5.23       -0.43      1.04      -1.80
累計與上年同期比較
  增減值              1 561      16 947      53 438       5 558      11 592      9 156         7 189      11 816     7 077      5 362
  增減率 (%)           0.56        2.64        6.10        1.34        2.26       3.13          2.82        2.30      2.22       1.84
註：同表 1。
                                 表3     製造業受僱員工每人平均總薪資－按中分類行業別分
                                                                                                                                            單位：元

                                                                   皮革、                 紙漿、       印刷及                                        藥品及
                            食品        飲料                 成衣及                 木竹                            石油及         化學材料       其他化
                                                                   毛皮及                 紙及        資料儲                                        醫用化
   年   月   別     總計        及飼品       及菸草       紡織業       服飾品                 製品                            煤製品          及肥料       學製品
                                                                   其製品                 紙製品       存媒體                                        學製品
                           製造業       製造業                 製造業                 製造業                           製造業          製造業       製造業
                                                                   製造業                 製造業       複製業                                        製造業

110 年累計          726 540   524 220   702 672   487 464   466 992   545 328   444 036   501 888   472 320   1 041 012    923 868   694 668   672 468
111 年累計          759 888   542 352   731 700   503 796   479 364   623 388   455 364   541 152   494 916   1 110 432    954 876   712 416   681 696
112 年累計          749 904   558 312   730 668   502 020   496 548   551 964   466 860   527 820   501 852   1 171 092    944 184   720 108   688 116
113 年累計          787 464   581 424   744 180   529 632   512 100   600 516   488 892   532 056   509 844   1 125 528    943 836   751 308   704 712
114 年累計          832 680   596 412   733 464   543 024   530 016   645 408   506 244   547 080   522 420   1 179 384    962 544   785 808   723 336
         6月       57 913    45 605    51 466    42 831    36 955    45 487    39 849    41 021    39 687      90 327     67 557    62 406    51 623
         7月       86 093    46 981    54 690    42 456    49 119    45 075    40 067    41 886    39 709      83 081     67 177    61 936    58 098
         8月       71 203    46 098    60 747    41 659    37 615    48 891    42 018    41 911    40 489      77 692     64 674    59 530    52 997
         9月       62 545    46 164    60 830    42 800    37 837    60 095    41 275    43 574    41 121      73 570     70 007    61 882    54 173
        10 月      60 688    46 196    52 567    42 544    41 945    48 259    40 595    42 504    42 415      78 065     65 789    59 038    53 008
        11 月      67 264    45 324    50 748    42 428    37 945    48 509    40 685    41 783    39 978      74 891     63 131    56 290    52 116
        12 月      66 575    49 072    53 785    44 310    37 937    50 024    41 003    44 581    44 869     149 036     80 621    65 333    58 051
115年1至7月累計○  P   536 900   371 833   465 605   334 005   341 824   397 985   314 216   345 345   324 450     763 189    643 454   504 511   463 260
         1月       78 144    53 478    83 744    50 843    62 870    72 811    51 205    52 302    47 277      76 388    132 039    87 211    72 874
         2月      111 317    84 555    92 243    64 030    75 516    82 134    55 121    77 356    70 302     185 982    152 927   108 401   107 022
         3月       57 536    46 282    69 532    43 802    38 082    53 006    41 243    42 283    41 652      77 045     66 380    59 725    56 015
         4月       58 805    46 846    53 127    43 440    39 522    48 116    41 967    42 143    41 890      78 182     65 978    60 224    58 415
         5月       69 497    46 251    52 947    44 158    37 708    48 202    41 488    42 682    40 133     140 898     78 523    63 929    53 621
         6 月○R    63 576    46 863    53 072    43 684    39 240    46 839    41 833    44 280    42 809     104 299     75 701    63 021    55 770
         7 月○P    98 015    47 595    61 197    43 874    48 725    46 289    41 287    44 400    40 590     100 091     71 133    61 885    59 133
當月與上月比較
  增減值             34 439       732     8 125       190     9 485     - 550     - 546       120    -2 219      -4 208     -4 568    -1 136     3 363
  增減率 (%)          54.17      1.56     15.31      0.43     24.17     -1.17     -1.31      0.27     -5.18       -4.03      -6.03     -1.80      6.03
當月與上年同月比較
  增減值             11 922       614     6 507     1 418     - 394     1 214     1 220     2 514       881     17 010       3 956      - 51     1 035
  增減率 (%)          13.85      1.31     11.90      3.34     -0.80      2.69      3.04      6.00      2.22      20.47        5.89     -0.08      1.78
累計與上年同期比較
  增減值             32 424     8 155    11 144     5 019     5 264     8 407    13 643    12 782    10 913     37 296      25 620    20 755    10 178
  增減率 (%)           6.43      2.24      2.45      1.53      1.56      2.16      4.54      3.84      3.48       5.14        4.15      4.29      2.25
註：同表 1。
                                表3       製造業受僱員工每人平均總薪資－按中分類行業別分(續)
                                                                                                                                                         單位：元

                                                                        電腦、電                電力                            其他運輸                            產業用
                  橡膠        塑膠       非金屬        基本        金屬        電子                                機械        汽車及
                                                                        子產品及                設備                             工具及       家具        其他        機械設備
   年   月   別      製品        製品       礦物製品       金屬        製品        零組件                               設備        其零件
                                                                        光學製品                及配備                            其零件       製造業       製造業       維修及
                 製造業       製造業       製造業        製造業       製造業       製造業                               製造業       製造業
                                                                         製造業                製造業                            製造業                            安裝業

110 年累計          533 916   525 408    592 776   729 552   478 344   1 138 320   1 032 048   598 572   526 296   577 248    615 612   404 700   528 480   738 276
111 年累計          538 236   545 340    593 196   766 692   485 340   1 196 376   1 076 868   616 260   550 572   599 172    629 532   414 288   545 148   769 584
112 年累計          531 996   553 812    593 664   719 436   492 384   1 136 280   1 071 756   625 320   559 548   607 452    629 448   442 032   569 640   820 668
113 年累計          539 520   575 388    615 180   719 604   508 908   1 228 272   1 105 800   674 292   586 116   624 396    644 772   440 772   586 608   879 768
114 年累計          556 920   598 572    628 668   735 288   526 476   1 333 476   1 139 712   710 760   612 828   645 972    659 124   450 036   610 428   921 864
         6月       43 778    46 758     47 717    55 168    40 671      78 927      84 146    49 199    47 673    46 648     52 360    35 140    45 616    73 389
         7月       43 533    46 601     55 335    54 270    40 776     199 612      87 817    52 786    47 873    51 878     47 942    35 076    46 597    73 727
         8月       44 923    45 419     47 013    55 017    40 038     134 025      95 075    49 599    47 173    48 153     56 296    34 881    48 310    63 509
         9月       41 438    45 013     46 248    53 907    41 007      90 021      92 731    78 411    46 351    48 357     48 727    35 084    50 548    67 421
        10 月      42 538    47 860     47 914    54 119    40 887      84 558     100 307    50 955    47 710    46 525     47 532    35 825    46 373    67 246
        11 月      42 229    47 226     45 090    52 563    39 727     121 987      91 606    47 465    43 867    45 018     47 882    35 330    46 652    63 193
        12 月      43 280    46 995     46 552    77 014    43 057      92 718     110 873    52 254    45 715    54 371     52 573    36 716    46 978   100 336
115年1至7月累計○  P   353 738   378 728    398 566   453 446   332 479     890 743     668 843   451 913   401 723   404 243    409 633   286 811   384 853   570 591
         1月       50 734    59 922     60 353    65 772    51 822     114 048     106 509    72 284    59 676    67 619     63 042    40 755    61 641    79 442
         2月       80 620    79 949     88 967   107 070    70 030     164 128     149 556   108 708    97 376    93 276     92 719    59 158    82 392    90 804
         3月       43 532    46 187     49 201    54 379    41 497      75 910      71 600    48 922    47 912    48 304     49 503    39 730    46 974   115 920
         4月       44 391    47 195     48 387    57 342    41 811      83 729      75 682    51 202    45 488    47 002     49 532    36 273    46 738    69 878
         5月       44 532    47 131     47 077    54 938    42 135     123 551      84 419    51 067    48 358    46 995     54 205    36 982    48 560    63 543
         6 月○R    45 537    48 497     51 094    57 005    42 555      89 609      88 723    63 806    52 729    50 260     50 525    36 755    50 340    78 145
         7 月○P    44 297    49 905     53 530    57 008    42 664     237 831      93 231    56 209    50 335    50 572     49 895    36 805    48 049    73 101
當月與上月比較
  增減值             -1 240     1 408      2 436         3       109    148 222       4 508     -7 597    -2 394       312      - 630        50    -2 291    -5 044
  增減率 (%)          -2.72      2.90       4.77      0.01      0.26     165.41        5.08     -11.91     -4.54      0.62      -1.25      0.14     -4.55     -6.45
當月與上年同月比較
  增減值                764     3 304     -1 805     2 738     1 888     38 219       5 414      3 423     2 462    -1 306      1 953     1 729     1 452     - 626
  增減率 (%)           1.75      7.09      -3.26      5.05      4.63      19.15        6.17       6.48      5.14     -2.52       4.07      4.93      3.12     -0.85
累計與上年同期比較
  增減值             11 494    12 775      2 569    10 920    10 731     79 828      20 167     19 635    19 810       931      3 892    14 882    13 433    10 178
  增減率 (%)           3.36      3.49       0.65      2.47      3.34       9.84        3.11       4.54      5.19      0.23       0.96      5.47      3.62      1.82
註：同表 1。
                              表4      服務業部門受僱員工每人平均總薪資－按主要行業別分
                                                                                                                                                 單位：元
                              批發及零售業                                                                住宿及餐飲業
                                                                                                                             出版影音
                                                       運輸及                                                                                       資訊、電腦
  年   月   別    總計                                                 汽車        航空        運輸                                     及資通                 程式設計、
                         合計        批發業       零售業       倉儲業                                     合計        住宿業       餐飲業                 電信業
                                                                 貨運業       運輸業       輔助業                                      訊業                 諮詢及相關
                                                                                                                                                  服務業

110 年累計        649 968   582 084   620 220   520 416   687 252   473 448 1 001 376   587 868   418 608   445 236   413 244 902 232 1 134 720 954 876
111 年累計        668 028   592 848   631 476   530 244   743 196   482 712 1 117 188   625 464   433 308   456 216   428 652 943 212 1 187 616 1 007 772
112 年累計        680 928   613 908   646 152   562 188   743 484   478 656 1 256 580   623 364   451 944   479 712   446 220 965 208 1 206 828 1 035 420
113 年累計        710 112   645 768   690 528   574 692   782 208   496 536 1 404 612   649 992   462 816   494 520   456 492 1 005 864 1 294 584 1 072 308
114 年累計        729 888   669 684   714 924   598 404   813 516   502 704 1 485 648   670 572   468 324   500 832   461 808 1 037 208 1 329 696 1 108 620
         6月     56 456    51 854    55 994    45 313    70 029    39 054 148 643      50 168    37 244    37 921    37 110    83 405 145 495      80 679
         7月     55 530    51 846    54 671    47 409    59 938    39 584 108 860      52 807    37 171    38 418    36 921    77 979    91 881    85 527
         8月     57 285    52 031    55 360    46 824    79 445    39 255    90 220    52 404    37 924    38 531    37 803    83 415 121 746      86 419
         9月     55 354    51 578    54 465    47 043    56 264    39 920    87 645    49 144    37 373    38 015    37 243    77 493    84 574    86 031
        10 月    55 943    52 861    55 486    48 743    56 731    40 468    87 937    50 614    38 528    39 973    38 235    76 136    79 059    83 932
        11 月    53 815    50 881    53 433    46 880    56 376    39 027    87 630    48 705    37 478    38 021    37 368    76 307    89 999    82 802
        12 月    61 179    58 748    63 687    51 044    86 542    43 842 255 741      65 725    39 269    41 171    38 884    81 312    78 272    93 342
115年1至7月累計○  P 459 592   416 633   446 628   369 908   487 011   308 826 878 262     409 416   279 426   308 987   273 483 659 246 921 445 685 839
         1月     72 229    65 270    69 149    59 231    75 885    47 590 120 997      65 342    39 564    44 325    38 602 108 512 124 335 118 880
         2月     95 016    81 167    88 936    69 070    98 886    59 490 212 492      82 423    51 281    68 721    47 763 117 483 123 066 127 807
         3月     58 606    53 591    56 897    48 419    62 147    39 791 117 403      49 605    37 301    38 895    36 978 105 553 222 222        97 932
         4月     57 535    53 691    57 697    47 425    58 477    40 350    92 798    51 652    38 086    40 162    37 670    75 376    82 262    82 878
         5月     59 203    54 496    58 203    48 719    60 213    40 248    91 508    51 669    37 706    38 860    37 474    81 976 108 933      86 812
         6 月○R  59 226    54 351    58 565    47 792    71 273    40 814 152 135      53 081    37 823    39 362    37 518    87 643 148 192      85 206
         7 月○P  57 812    54 087    57 217    49 243    60 187    40 510    92 290    55 707    37 701    38 646    37 512    82 268 112 234      86 094
當月與上月比較
  增減值          -1 414  - 264 -1 348            1 451   -11 086     - 304   -59 845     2 626     - 122     - 716        -6    -5 375   -35 958       888
  增減率 (%)       -2.39  -0.49  -2.30             3.04    -15.55     -0.74    -39.34      4.95     -0.32     -1.82     -0.02     -6.13    -24.26      1.04
當月與上年同月比較
  增減值           2 282  2 241  2 546            1 834       249       926   -16 570     2 900       530       228       591     4 289    20 353       567
  增減率 (%)        4.11   4.32   4.66             3.87      0.42      2.34    -15.22      5.49      1.43      0.59      1.60      5.50     22.15      0.66
累計與上年同期比較
  增減值          13 118 13 013 14 133           11 956     8 841     8 582     3 150     5 418     1 561     3 388     1 148    16 947    45 108     9 716
  增減率 (%)        2.94   3.22   3.27             3.34      1.85      2.86      0.36      1.34      0.56      1.11      0.42      2.64      5.15      1.44
註：1. 運輸輔助業不包含其他水上運輸輔助業。
    2. 同表 1。
                            表4        服務業部門受僱員工每人平均總薪資－按主要行業別分(續)
                                                                                                                                                單位：元
                                                                                                                            醫療保健及社會工作服務業
              金融及                                 證券期貨                   不動產經       支援                            建築物
  年   月   別                                                   不動產業                            人力        保全及                           醫療        社會工作
              保險業         銀行業         保險業         及金融                    營及相關       服務業                           及綠化       合計
                                                                                              供應業       偵探業                           保健業       服務業
                                                  輔助業                    服務業                                      服務業
110 年累計       1 190 508   1 289 508     945 228   1 372 308    684 168    627 252   449 592   462 240   440 676   401 424   774 264   861 588    396 708
111 年累計       1 206 516   1 324 032   1 009 188   1 174 056    682 104    617 400   455 160   458 100   446 736   413 976   801 540   896 448    410 076
112 年累計       1 178 916   1 361 556     993 204   1 005 684    664 044    581 880   470 316   476 124   462 564   426 456   822 192   915 456    430 188
113 年累計       1 287 828   1 428 192   1 128 564   1 223 796    684 828    599 400   487 776   483 720   474 780   448 632   826 632   918 756    440 196
114 年累計       1 319 952   1 486 380   1 164 060   1 192 824    670 500    575 976   496 776   486 624   483 876   465 540   847 716   941 832    458 880
          6月     88 724      96 833      82 936      60 602     49 868     43 741    40 614    40 020    41 174    37 872    66 590    73 758     36 883
          7月     88 417      96 831      81 829     103 076     50 046     43 704    40 363    39 446    39 948    38 258    65 941    73 054     36 461
          8月     94 773     122 252      82 579      76 579     51 435     46 956    40 555    39 856    39 572    38 130    64 944    72 002     35 642
          9月     88 162      98 740      81 586      87 296     53 600     45 092    40 538    40 305    39 544    38 252    67 329    74 664     36 879
        10 月     87 747      93 677      92 703      79 048     51 118     46 427    40 852    40 393    40 615    38 488    68 964    76 590     37 456
        11 月     81 960      95 532      77 571      73 265     47 743     42 237    40 204    40 180    39 305    38 245    64 912    71 871     36 146
        12 月     91 570      93 253      97 810      77 474     51 960     46 952    41 878    41 519    40 399    40 964    68 457    75 909     37 684
115年1至7月累計○  P  930 090   1 029 854     757 659   1 011 710    420 182    358 638   301 945   289 352   297 451   279 601   525 245   582 925    288 134
          1月    143 329     130 778     104 956     199 048     63 203     50 555    45 250    43 397    42 769    42 635    89 068   100 539     41 944
          2月    258 133     296 478     199 449     277 169    108 087     86 068    49 541    43 267    46 388    41 243   100 924   111 458     57 797
          3月     98 139     119 708      97 405      75 163     48 378     43 189    41 616    40 919    41 987    39 294    66 873    74 017     37 479
          4月    108 007     142 142      91 312      91 690     49 199     44 583    41 345    40 888    41 069    39 103    66 055    72 993     37 426
          5月    117 517     127 060      87 918     105 636     48 949     43 041    41 486    41 215    41 288    39 320    68 316    75 710     37 951
         6 月○R  100 594     101 752      89 445     106 006     51 332     45 765    41 839    40 169    42 966    39 463    68 496    75 863     38 196
         7 月○P  104 128     111 169      86 721     158 400     51 075     45 369    40 933    39 621    40 982    38 546    65 660    72 543     37 343
當月與上月比較
  增減值           3 534  9 417 -2 724  52 394                      - 257      - 396     - 906     - 548    -1 984     - 917    -2 836    -3 320      - 853
  增減率 (%)        3.51   9.25  -3.05   49.43                      -0.50      -0.87     -2.17     -1.36     -4.62     -2.32     -4.14     -4.38      -2.23
當月與上年同月比較
  增減值          15 711 14 338  4 892  55 324                      1 029      1 665       570       175     1 034       288     - 281     - 511        882
  增減率 (%)       17.77  14.81   5.98   53.67                       2.06       3.81      1.41      0.44      2.59      0.75     -0.43     -0.70       2.42
累計與上年同期比較
  增減值          53 438 45 997 25 312 211 190                      5 558     10 248     9 156     4 963    12 985     8 141    11 816    11 753     12 964
  增減率 (%)        6.10   4.68   3.46   26.38                       1.34       2.94      3.13      1.75      4.56      3.00      2.30      2.06       4.71
註：1. 保險業包含人身保險業、財產保險業及其他保險輔助業。
    2. 同表 1。
                                           表5    工業及服務業受僱員工每人每月經常性薪資
                                                                                                                                       單位：元

 年      月   別   全年           1月       2月        3月       4月       5月       6月         7月         8月       9月       10月       11月       12月

109 年
        平均數      42 281      42 142   42 105    42 100   41 925   41 991   42 120     42 267     42 403   42 512    42 531    42 532    42 735

        中位數      33 910      33 799   33 722    33 710   33 541   33 675   33 823     33 891     34 011   34 055    34 160    34 184    34 323
110 年
        平均數      43 045      42 968   42 675    43 065   43 040   42 689   42 456     42 744     43 044   43 204    43 411    43 470    43 760

        中位數      34 531      34 502   34 335    34 554   34 487   34 173   33 942     34 176     34 406   34 661    34 927    35 019    35 111
111 年
        平均數      44 210      44 196   43 766    44 186   44 164   44 032   44 129     44 194     44 249   44 171    44 312    44 433    44 690

        中位數      35 167      35 278   34 909    35 180   35 065   34 910   35 093     35 140     35 164   35 060    35 261    35 375    35 552
112 年
        平均數      45 197      45 101   44 787    45 161   45 073   45 199   45 130     45 224     45 355   45 188    45 263    45 289    45 582

        中位數      36 085      36 036   35 806    35 980   35 889   36 052   35 978     36 081     36 172   36 106    36 203    36 238    36 455
113 年
        平均數      46 450      46 118   45 910    46 073   46 314   46 460   46 477     46 546     46 732   46 624    46 484    46 701    46 963

        中位數      37 275      37 038   36 918    36 991   37 076   37 258   37 305     37 372     37 509   37 305    37 258    37 511    37 696
114 年
        平均數      47 885      47 445   47 306    47 533   47 760   47 804   47 821     47 903     48 075   48 124    48 285    48 140    48 414

        中位數      38 407      38 140   38 006    38 116   38 139   38 227   38 258     38 300     38 494   38 662    38 777    38 727    38 881
115 年
        平均數       49 054 P
                         ○   48 852   48 497    48 810   49 160   49 222   49 344 R
                                                                                  ○   49 491 P
                                                                                             ○
                (1至 7月)
        中位數       39 341 P
                         ○   39 155   39 034    39 255   39 369   39 451   39 512 R
                                                                                  ○   39 629 P
                                                                                             ○
                (1至 7月)
註：1. 經常性薪資中位數之統計方法及資料來源請參閱「肆、附錄」之二。
  2. 同表 1。
                      表6      工業及服務業受僱員工每人每月經常性薪資－按受僱員工個人特性別分
                                                                                                                                                  單位：元
                                                  性別                                                       教育程度別
                    總計                                                                           高級中等
  年     月   別                             男                   女              國中及以下                                   專科及大學                 研究所
                                                                                                (高中、高職)
                平均數       中位數       平均數       中位數       平均數       中位數       平均數       中位數       平均數       中位數       平均數       中位數       平均數       中位數
110 年            43 045    34 531    45 979    36 313    39 675    32 466    33 824    29 169    36 035    31 193    43 786    36 459    72 938    58 596
111 年            44 210    35 167    47 206    36 974    40 791    33 417    34 442    29 887    36 673    31 865    44 837    37 284    75 284    60 816
112 年            45 197    36 085    48 246    37 766    41 701    34 217    35 088    30 490    37 444    32 714    45 785    38 128    76 527    62 015
113 年            46 450    37 275    49 622    38 921    42 820    35 283    35 846    31 222    38 208    33 410    47 306    39 364    78 846    64 332
114 年            47 885    38 407    51 107    40 057    44 211    36 463    36 600    31 881    39 227    34 349    48 954    40 606    81 311    66 667
        6月       47 821    38 258    51 063    39 939    44 119    36 295    36 539    31 744    39 158    34 243    48 786    40 411    81 483    66 628
        7月       47 903    38 300    51 183    40 002    44 160    36 337    36 596    31 915    39 123    34 270    48 820    40 454    81 841    66 853
        8月       48 075    38 494    51 332    40 144    44 363    36 553    36 653    31 996    39 235    34 435    49 035    40 692    81 940    67 128
        9月       48 124    38 662    51 377    40 224    44 419    36 799    36 645    32 011    39 365    34 528    49 235    40 913    81 722    67 229
      10 月       48 285    38 777    51 479    40 332    44 648    36 997    36 723    32 124    39 428    34 704    49 383    41 083    81 969    67 430
       11 月      48 140    38 727    51 342    40 226    44 500    36 963    36 646    32 078    39 416    34 676    49 373    41 080    81 919    67 316
      12 月       48 414    38 881    51 574    40 438    44 822    37 134    36 762    32 183    39 509    34 850    49 588    41 287    82 206    67 784
115年 1至 7月○ P    49 054    39 341    52 226    41 189    45 458    37 445    37 313    32 707    40 133    35 280    50 239    41 814    83 320    68 152
        1月       48 852    39 155    52 018    41 074    45 258    37 239    37 183    32 538    39 809    35 003    49 949    41 719    82 954    68 236
        2月       48 497    39 034    51 580    40 949    45 001    37 130    36 886    32 405    39 617    34 862    49 801    41 625    82 540    67 782
        3月       48 810    39 255    51 997    41 138    45 196    37 346    37 283    32 640    40 235    35 293    50 006    41 673    82 447    67 326
        4月       49 160    39 369    52 302    41 166    45 600    37 500    37 386    32 742    40 320    35 359    50 325    41 775    83 422    67 721
        5月       49 222    39 451    52 430    41 220    45 587    37 566    37 456    32 847    40 393    35 437    50 458    41 857    83 537    68 285
        6 月○R    49 344    39 512    52 528    41 317    45 732    37 600    37 413    32 875    40 250    35 463    50 509    41 986    83 914    68 829
        7 月○P    49 491    39 629    52 722    41 450    45 826    37 746    37 596    33 033    40 324    35 590    50 625    42 142    84 407    69 038
當月與上月比較
  增減值               147       117       194       133        94       146       183       158        74       127       116       156       493       209
  增減率 (%)          0.30      0.30      0.37      0.32      0.21      0.39      0.49      0.48      0.18      0.36      0.23      0.37      0.59      0.30
當月與上年同月比較
  增減值             1 588     1 329     1 539     1 448     1 666     1 409     1 000     1 118     1 201     1 320     1 805     1 688     2 566     2 185
  增減率 (%)          3.32      3.47      3.01      3.62      3.77      3.88      2.73      3.50      3.07      3.85      3.70      4.17      3.14      3.27
累計與上年同期比較
  增減值             1 401     1 169     1 345     1 262     1 492     1 290       773     1 005     1 022     1 136     1 551     1 450     2 475     1 847
  增減率 (%)          2.94      3.06      2.64      3.16      3.39      3.57      2.12      3.17      2.61      3.33      3.19      3.59      3.06      2.79
註：同表 5。
                   表6      工業及服務業受僱員工每人每月經常性薪資－按受僱員工個人特性別分(續)
                                                                                                                                                         單位：元
                                                                                 年齡別
                                     未滿 30 歲
  年     月   別                                                                    30-39 歲              40-49 歲               50-64 歲              65 歲以上
                    合計               未滿 25 歲               25-29 歲
                平均數       中位數       平均數       中位數       平均數       中位數         平均數       中位數         平均數       中位數        平均數       中位數         平均數       中位數
110 年            31 077    28 215    25 508    25 629    34 994      31 118    41 484      35 324    48 917     39 394    51 487      40 911    46 218    35 744
111 年            32 355    29 429    26 233    26 701    36 523      32 228    42 819      36 076    49 943     39 895    52 204      41 139    46 142    35 390
112 年            33 313    30 191    26 816    27 481    37 695      33 151    43 914      36 702    50 760     40 261    53 190      41 566    46 647    36 449
113 年            34 244    30 893    27 495    28 470    38 839      34 303    45 196      37 840    51 867     41 013    54 721      42 412    47 336    37 796
114 年            35 106    31 816    27 832    29 101    39 961      35 409    46 751      39 084    53 589     42 157    56 765      43 217    47 937    38 206
        6月       34 998    31 663    27 718    28 994    39 855      35 300    46 652      38 965    53 562     42 026    56 811      43 119    48 108    37 962
        7月       34 788    31 578    27 410    28 988    39 991      35 401    46 838      39 090    53 763     42 209    56 993      43 244    48 246    38 098
        8月       35 174    31 896    27 917    29 054    40 106      35 528    46 946      39 192    53 848     42 316    57 026      43 346    48 074    38 063
        9月       35 428    32 164    28 206    29 057    40 314      35 777    47 130      39 324    53 896     42 436    57 015      43 447    48 001    38 074
      10 月       35 355    32 168    27 893    29 179    40 291      35 878    47 211      39 487    54 005     42 554    57 181      43 588    48 219    38 133
       11 月      35 222    32 159    27 683    28 963    40 133      35 747    47 098      39 359    53 936     42 451    57 228      43 554    48 299    38 111
      12 月       35 344    32 229    27 793    29 154    40 244      35 914    47 192      39 524    54 076     42 636    57 422      43 731    48 533    38 365
115年 1至 7月○ P    35 736    32 492    27 843    29 825    40 866      36 312    47 958      40 171    54 887     43 138    58 365      44 019    49 220    38 935
        1月       35 484    32 403    27 719    29 825    40 600      35 949    47 597      39 933    54 529     43 034    57 919      43 952    49 055    39 113
        2月       35 492    32 290    27 788    29 737    40 384      35 891    47 361      39 754    54 241     42 733    57 648      43 624    48 515    38 727
        3月       35 804    32 499    28 037    29 979    40 792      36 203    47 809      40 026    54 691     42 999    58 136      43 989    48 745    38 757
        4月       35 840    32 581    27 874    29 874    40 941      36 334    48 091      40 173    55 057     43 132    58 526      44 016    49 287    38 726
        5月       35 848    32 604    27 802    29 837    40 982      36 380    48 168      40 249    55 158     43 237    58 679      44 099    49 397    38 763
        6 月○R    35 903    32 598    27 919    29 956    41 060      36 512    48 182      40 321    55 126     43 284    58 687      44 104    49 597    39 041
        7 月○P    35 779    32 540    27 768    29 769    41 308      36 705    48 498      40 580    55 416     43 575    58 947      44 378    49 920    39 231
當月與上月比較
  增減值             - 124      - 58     - 151     - 187       248         193       316         259       290        291       260         274       323       190
  增減率 (%)         -0.35     -0.18     -0.54     -0.62      0.60        0.53      0.66        0.64      0.53       0.67      0.44        0.62      0.65      0.49
當月與上年同月比較
  增減值               991       962       358       781     1 317       1 304     1 660       1 490     1 653      1 366     1 954       1 134     1 674     1 133
  增減率 (%)          2.85      3.05      1.31      2.69      3.29        3.68      3.54        3.81      3.07       3.24      3.43        2.62      3.47      2.97
累計與上年同期比較
  增減值               771       939        60       711     1 089       1 119     1 468       1 278     1 559      1 246     1 897         984     1 494       653
  增減率 (%)          2.21      2.98      0.22      2.44      2.74        3.18      3.16        3.29      2.92       2.97      3.36        2.29      3.13      1.71
註：同表 5。
                                  表7       工業及服務業受僱員工每人每月經常性薪資－按行業別分
                                                                                                                                            單位：元
                                                                                      工業

  年     月   別       總計                               礦業及                             電子             電腦、電子產品          電力及            用水供應及
                                       合計                            製造業             零組件             及光學製品
                                                    土石採取業                                                           燃氣供應業           污染整治業
                                                                                     製造業              製造業
                平均數 中位數 平均數 中位數 平均數 中位數 平均數 中位數 平均數 中位數 平均數 中位數 平均數 中位數 平均數 中位數
110 年            43 045 34 531 40 898 33 337 43 321 38 494 40 700 32 975 49 672 41 809 48 545 40 507 64 576 59 971 36 273 31 489
111 年            44 210 35 167 42 116 34 250 44 670 39 577 42 024 33 949 51 925 43 143 49 740 41 351 65 034 60 097 36 898 31 892
112 年            45 197 36 085 43 099 34 815 45 413 40 324 42 995 34 440 53 618 43 661 50 917 41 858 65 898 62 031 37 870 33 019
113 年            46 450 37 275 44 331 35 857 46 934 41 221 44 306 35 572 55 399 45 415 52 288 43 052 66 020 62 681 39 161 34 489
114 年            47 885 38 407 45 841 37 059 48 431 42 488 45 850 36 828 57 097 47 062 53 464 43 864 66 136 63 491 40 998 36 295
        6月       47 821 38 258 45 780 36 937 48 349 42 347 45 817 36 740 57 119 46 946 53 337 43 614 65 705 63 373 41 102 36 215
        7月       47 903 38 300 45 878 36 978 48 588 42 658 45 902 36 775 57 250 46 925 53 513 43 744 65 617 63 244 41 134 36 308
        8月       48 075 38 494 46 039 37 155 48 380 42 531 46 054 36 948 57 276 46 893 53 631 44 064 65 636 63 347 41 136 36 366
        9月       48 124 38 662 46 102 37 427 48 422 42 546 46 088 37 219 57 262 47 458 53 784 44 342 65 782 62 802 41 254 36 609
       10 月      48 285 38 777 46 178 37 499 48 397 42 727 46 193 37 312 57 425 47 732 53 855 44 395 65 709 63 033 41 308 36 674
       11 月      48 140 38 727 46 083 37 413 48 479 42 858 46 064 37 197 57 358 47 689 53 786 44 133 67 596 64 830 41 469 36 716
       12 月      48 414 38 881 46 329 37 648 48 862 42 820 46 334 37 463 57 409 47 887 53 881 44 163 68 182 65 333 41 448 36 660
115年 1至 7月○ P    49 054 39 341 46 930 37 979 50 223 43 588 46 977 37 803 58 243 48 310 54 237 44 347 68 299 65 251 41 981 37 346
        1月       48 852 39 155 46 787 37 876 49 915 43 733 46 820 37 684 57 935 48 263 54 079 44 241 68 330 65 128 41 843 36 933
        2月       48 497 39 034 46 324 37 562 49 965 43 986 46 467 37 458 57 777 47 985 53 970 44 312 68 504 64 742 41 863 37 483
        3月       48 810 39 255 46 796 37 899 50 162 43 582 46 784 37 674 57 698 47 839 53 816 43 992 68 638 65 885 41 639 37 117
        4月       49 160 39 369 46 992 37 956 50 338 43 656 47 065 37 791 58 566 48 542 54 297 44 351 67 654 64 336 41 891 37 438
        5月       49 222 39 451 47 164 38 116 50 159 43 304 47 210 37 935 58 562 48 589 54 402 44 451 68 044 65 289 42 093 37 573
        6 月○R    49 344 39 512 47 150 38 185 50 412 43 492 47 189 38 009 58 507 48 494 54 468 44 518 68 652 65 820 42 097 37 269
        7 月○P    49 491 39 629 47 287 38 250 50 615 43 361 47 298 38 036 58 642 48 473 54 612 44 613 68 278 65 359 42 437 37 674
當月與上月比較
  增減值               147     117      137       65     203   - 131     109      27     135    - 21      144     95   - 374   - 461     340       405
  增減率 (%)          0.30    0.30     0.29     0.17    0.40   -0.30    0.23    0.07    0.23   -0.04     0.26   0.21   -0.54   -0.70    0.81      1.09
當月與上年同月比較
  增減值             1 588   1 329    1 409    1 272   2 027     703   1 396   1 261   1 392   1 548    1 099    869   2 661   2 115   1 303     1 366
  增減率 (%)          3.32    3.47     3.07     3.44    4.17    1.65    3.04    3.43    2.43    3.30     2.05   1.99    4.06    3.34    3.17      3.76
累計與上年同期比較
  增減值             1 401   1 169    1 306    1 194   1 847   1 293   1 339   1 257   1 326   1 590    1 009    741   2 484   2 110   1 217     1 308
  增減率 (%)          2.94    3.06     2.86     3.25    3.82    3.06    2.93    3.44    2.33    3.40     1.90   1.70    3.77    3.34    2.99      3.63
註：同表 5。
                           表7      工業及服務業受僱員工每人每月經常性薪資－按行業別分(續 1)
                                                                                                                                         單位：元
                    工業                                                             服務業
                                                                  批發及零售業
  年     月   別      營建                                                                              運輸及             住宿及           出版影音及
                   工程業              合計              小計             批發業             零售業             倉儲業             餐飲業            資通訊業

                平均數 中位數 平均數 中位數 平均數 中位數 平均數 中位數 平均數 中位數 平均數 中位數 平均數 中位數 平均數 中位數
110 年            40 724 34 481 44 566 35 095 41 971 34 076 44 620 34 983 37 688 32 210 45 064 41 105 32 063 28 641 62 393 48 221
111 年            41 389 34 942 45 687 35 652 43 080 34 492 45 683 35 101 38 860 33 370 46 672 42 390 33 226 29 966 64 344 49 306
112 年            42 445 35 744 46 653 36 648 44 311 35 730 46 806 36 146 40 310 34 478 47 988 42 579 33 981 30 665 65 786 50 182
113 年            43 267 36 360 47 901 37 924 45 838 37 096 48 553 37 735 41 528 35 572 49 696 43 204 34 332 30 960 67 540 51 741
114 年            44 644 37 095 49 273 39 115 47 486 38 230 50 179 39 000 43 243 36 938 51 213 43 369 34 963 31 589 69 601 53 459
        6月       44 421 36 764 49 210 38 940 47 202 37 806 49 893 38 708 42 953 36 601 51 372 43 371 35 147 31 724 69 720 53 290
        7月       44 613 36 889 49 278 38 986 47 434 37 949 50 201 38 837 43 087 36 716 51 574 43 637 34 914 31 633 69 616 53 416
        8月       44 856 37 073 49 457 39 139 47 571 38 233 50 319 38 973 43 274 36 885 51 479 43 536 35 198 31 806 69 903 53 653
        9月       45 078 37 401 49 495 39 266 47 725 38 428 50 428 39 093 43 479 37 115 51 419 43 639 35 001 31 573 69 882 53 983
       10 月      44 996 37 329 49 712 39 435 48 025 38 675 50 861 39 429 43 575 37 390 51 544 43 701 34 951 31 707 69 802 53 645
       11 月      44 936 37 320 49 531 39 380 47 885 38 670 50 601 39 214 43 626 37 614 51 655 43 702 34 684 31 575 69 873 53 741
       12 月      45 041 37 414 49 823 39 500 48 052 38 786 50 748 39 332 43 847 37 811 51 975 43 960 34 824 31 720 69 881 53 773
115年 1至 7月○ P    45 425 37 562 50 494 40 253 48 914 39 387 51 835 40 329 44 363 38 126 52 458 44 459 34 858 31 912 71 121 54 708
        1月       45 370 37 455 50 247 39 987 48 475 38 981 51 079 39 674 44 418 37 994 52 272 44 141 34 503 31 643 70 274 54 158
        2月       44 184 36 662 49 964 40 007 48 566 39 189 51 487 40 116 44 017 37 928 51 885 44 086 34 472 31 478 70 572 54 363
        3月       45 628 37 820 50 175 40 192 48 910 39 451 51 795 40 403 44 399 38 094 52 362 44 485 34 631 31 462 70 939 54 622
        4月       45 404 37 504 50 630 40 320 49 016 39 417 52 175 40 425 44 075 37 965 52 523 44 476 34 952 31 813 71 229 54 619
        5月       45 695 37 707 50 618 40 340 49 007 39 460 51 998 40 467 44 348 38 096 52 657 44 622 34 965 31 777 71 488 54 827
        6 月○R    45 681 37 767 50 835 40 363 49 077 39 549 52 006 40 491 44 515 38 306 52 614 44 640 35 017 31 782 71 697 55 093
        7 月○P    46 007 38 087 50 985 40 506 49 346 39 713 52 307 40 714 44 763 38 438 52 894 44 811 35 450 32 308 71 670 55 218
當月與上月比較
  增減值               326     320     150     143     269     164     301     223     248     132     280     171    433     526    - 27      125
  增減率 (%)          0.71    0.85    0.30    0.35    0.55    0.41    0.58    0.55    0.56    0.34    0.53    0.38   1.24    1.66   -0.04     0.23
當月與上年同月比較
  增減值             1 394   1 198   1 707   1 520   1 912   1 764   2 106   1 877   1 676   1 722   1 320   1 174    536     675   2 054    1 802
  增減率 (%)          3.12    3.25    3.46    3.90    4.03    4.65    4.20    4.83    3.89    4.69    2.56    2.69   1.54    2.13    2.95     3.37
累計與上年同期比較
  增減值             1 024     675   1 459   1 311   1 690   1 505   1 950   1 501   1 347   1 480   1 532   1 306   - 128    386   1 709    1 460
  增減率 (%)          2.31    1.83    2.98    3.37    3.58    3.97    3.91    3.87    3.13    4.04    3.01    3.03   -0.37   1.22    2.46     2.74
註：同表 5。
                          表7      工業及服務業受僱員工每人每月經常性薪資－按行業別分(續 2 完)
                                                                                                                                        單位：元
                                                                         服務業

  年     月   別      金融及                           專業、科學及          支援              教育業             醫療保健及           藝術、娛樂及           其他
                                  不動產業                                          (不含小學以上各級
                   保險業                           技術服務業           服務業                            社會工作服務業          休閒服務業           服務業
                                                                                  公私立學校等)

                平均數 中位數 平均數 中位數 平均數 中位數 平均數 中位數 平均數 中位數 平均數 中位數 平均數 中位數 平均數 中位數
110 年            65 352 52 428 42 952 36 405 53 748 41 593 34 235 29 016 28 191 26 646 51 652 40 958 36 707 30 733 32 474 25 629
111 年            65 437 52 985 43 055 36 533 55 072 42 487 34 751 29 397 29 376 28 071 53 220 41 938 37 826 31 448 34 540 27 229
112 年            66 019 53 735 43 493 37 102 55 866 43 423 35 742 30 288 30 021 28 955 54 034 42 311 38 148 31 172 35 482 28 225
113 年            69 606 56 330 44 699 37 292 56 844 44 219 36 661 31 445 30 656 29 834 54 293 42 588 39 037 32 286 35 813 29 109
114 年            70 980 58 050 44 683 36 764 58 373 44 836 37 498 32 837 31 663 31 293 56 209 43 797 40 634 32 810 36 713 29 868
        6月       70 424 57 418 44 993 36 887 58 410 44 791 37 537 32 789 31 447 30 848 56 505 43 748 40 692 32 549 36 693 29 893
        7月       70 791 57 631 44 953 36 832 58 367 44 794 37 540 32 864 31 559 30 909 56 501 43 741 40 913 32 823 36 634 29 859
        8月       70 856 57 873 44 928 36 691 58 517 44 864 37 623 32 939 31 936 31 389 56 983 44 113 41 143 32 981 36 743 29 976
        9月       70 510 58 307 44 565 36 939 58 696 44 934 37 729 33 183 32 082 31 862 57 061 44 202 41 381 32 976 37 055 30 214
       10 月      71 487 58 593 45 192 37 169 58 895 45 034 37 823 33 333 32 108 32 076 57 274 44 332 40 771 32 591 36 723 30 170
       11 月      71 098 59 044 45 360 37 342 58 816 45 023 37 631 33 309 32 062 32 073 56 766 44 102 40 419 32 324 36 816 30 194
       12 月      72 547 59 031 45 456 37 337 58 820 45 033 37 846 33 435 32 257 32 135 57 240 44 384 40 564 32 483 37 044 30 233
115年 1至 7月○ P    74 694 60 307 45 383 37 745 59 675 45 158 38 297 34 148 32 372 32 168 57 364 44 493 41 207 33 143 37 391 31 017
        1月       74 438 60 159 45 776 37 414 59 189 45 062 38 360 34 054 32 380 32 019 57 630 44 514 40 898 32 678 37 463 30 388
        2月       73 046 59 032 45 084 37 371 59 136 44 849 37 831 33 842 32 080 31 936 56 685 44 298 40 236 32 266 36 794 30 973
        3月       72 045 59 187 45 163 37 534 59 530 45 133 38 322 34 214 32 450 32 458 56 673 44 252 41 370 33 344 37 282 31 484
        4月       75 346 60 935 44 995 37 594 59 851 45 376 38 408 34 279 32 358 32 429 57 335 44 474 41 381 33 319 37 484 30 911
        5月       74 574 60 931 45 333 37 872 59 905 45 129 38 389 34 164 32 393 32 493 57 607 44 587 41 580 33 430 37 739 31 153
        6 月○R    76 584 60 865 45 642 38 136 60 042 45 211 38 404 34 255 32 322 31 962 57 840 44 708 41 442 33 463 37 507 31 059
        7 月○P    76 825 61 222 45 682 38 297 60 081 45 313 38 361 34 231 32 626 32 179 57 776 44 645 41 527 33 590 37 473 31 060
當月與上月比較
  增減值               241     357     40     161      39    102    - 43    - 24     304     217     - 64    - 63      85    127    - 34        1
  增減率 (%)          0.31    0.59   0.09    0.42    0.06   0.23   -0.11   -0.07    0.94    0.68    -0.11   -0.14    0.21   0.38   -0.09     0.00
當月與上年同月比較
  增減值             6 034   3 591    729   1 465   1 714    519    821    1 367   1 067   1 270    1 275     904     614    767    839     1 201
  增減率 (%)          8.52    6.23   1.62    3.98    2.94   1.16   2.19     4.16    3.38    4.11     2.26    2.07    1.50   2.34   2.29      4.02
累計與上年同期比較
  增減值             3 945   2 635    998   1 226   1 571    440    967    1 620   1 015   1 318    1 777   1 130     732    333    795     1 345
  增減率 (%)          5.58    4.57   2.25    3.36    2.70   0.98   2.59     4.98    3.24    4.27     3.20    2.61    1.81   1.01   2.17      4.53
註：同表 5。
                                           表8      工業及服務業受僱員工每人每月總工時－按行業別分
                                                                                                                                                                          單位：小時
                                            工業                                                                                   服務業
                                          製造業             用水                     出版        專業、    教育業 醫療保 藝術、
   年    月   別         礦業                              電力
                                                          供應 營建     批發及 運輸及 住宿及 影音 金融及 不動 科學及 支援 (不含小學 健及社 娛樂及 其他
                  合計 及土石                  正常      加班 及燃氣         合計                               以上各級
                         小計                              及污染 工程業    零售業 倉儲業 餐飲業 及資通 保險業 產業 技術 服務業 公私立學 會工作 休閒 服務業
                     採取業                  工時      工時 供應業
                                                         整治業                     訊業        服務業     校等) 服務業 服務業
110 年             174.2   170.5   175.7   160.2   15.5   177.3   170.0   165.6   161.1   158.3   170.0   155.5   161.4   165.6   166.8   162.3   180.0   141.2   158.2   137.6   160.5
111 年             173.5   169.1   174.6   159.6   15.0   178.0   169.9   166.2   162.8   160.5   170.3   157.4   162.5   166.2   168.2   162.9   177.2   146.7   160.1   152.8   165.7
112 年             173.2   168.0   174.4   159.2   15.2   178.0   168.7   166.1   164.8   163.2   171.0   161.0   162.2   165.6   170.1   163.9   177.2   145.7   165.9   162.7   168.6
113 年             175.7   166.6   177.1   160.9   16.2   175.9   167.9   167.3   164.8   163.6   170.5   162.7   162.2   164.3   166.4   163.5   176.5   144.4   165.7   163.8   167.3
114 年             175.2   166.0   176.7   159.5   17.2   172.0   168.1   167.5   164.6   163.4   169.3   162.7   160.0   164.1   165.9   162.7   176.3   145.1   166.6   163.2   166.5
          6月      181.5   170.3   183.2   165.7   17.5   177.0   174.0   172.7   167.7   166.8   174.2   162.5   164.7   168.1   169.4   168.2   179.0   148.6   169.6   161.4   170.5
          7月      185.8   177.5   187.0   170.0   17.0   180.6   180.2   179.6   177.1   177.4   182.9   170.7   175.1   181.2   176.9   175.1   185.5   154.4   178.7   176.9   178.1
          8月      178.6   168.2   180.2   162.9   17.3   172.4   171.3   170.4   168.1   166.3   172.9   167.3   163.6   167.3   170.7   164.5   180.1   147.3   171.4   170.7   170.5
          9月      179.2   169.2   180.7   163.9   16.8   178.0   172.5   171.9   169.0   168.3   173.8   165.8   164.5   168.0   171.5   166.2   180.2   150.0   172.4   168.5   170.6
         10 月     171.6   161.5   172.8   154.8   18.0   168.4   164.8   165.5   162.5   161.4   166.0   163.3   155.5   160.3   163.6   159.1   174.7   143.5   165.9   164.3   163.8
         11 月     169.0   159.2   170.5   153.3   17.2   164.2   160.7   161.9   160.2   158.8   165.1   158.8   155.6   159.2   161.3   157.6   172.1   140.1   163.5   161.9   160.7
         12 月     186.0   177.8   187.4   169.7   17.7   185.3   179.6   178.6   175.1   174.9   180.0   169.4   170.8   175.4   179.2   173.3   186.1   156.8   177.8   173.7   175.6
115 年 1 至 7 月○P   171.9   164.0   173.4   155.6   17.8   170.4   165.0   164.2   162.0   161.1   166.1   159.8   156.4   159.9   163.6   158.9   174.8   143.1   164.5   164.1   163.6
          1月      179.2   172.1   180.5   162.5   18.0   178.6   173.0   172.5   168.5   167.9   173.4   164.1   163.7   167.4   173.3   165.8   180.9   148.7   171.1   170.1   170.9
          2月      125.7   117.6   127.4   111.6   15.8   121.7   118.3   117.0   121.8   120.1   123.4   132.9   111.6   112.7   120.9   113.1   139.3   100.5   122.8   132.3   121.5
          3月      185.2   179.2   186.5   168.5   18.0   185.5   180.2   178.3   174.3   173.7   179.8   167.3   170.6   174.7   175.8   174.1   186.2   156.9   176.8   170.5   176.3
          4月      172.6   164.1   173.9   155.4   18.5   174.9   164.6   164.9   161.8   161.3   165.0   159.2   156.2   160.0   162.6   159.5   174.3   143.5   164.1   163.4   164.4
          5月      171.9   164.2   173.3   155.0   18.3   168.3   164.9   165.1   162.3   161.2   166.3   161.2   156.3   160.0   163.9   159.8   174.4   143.2   165.2   165.8   165.3
          6 月○R   177.7   170.5   179.3   161.3   18.0   174.6   170.5   169.4   167.0   166.4   171.4   162.3   162.7   167.2   169.0   165.1   178.7   148.6   169.4   166.4   168.5
          7 月○P   190.7   179.8   192.3   174.3   18.0   188.3   183.7   182.4   177.8   177.4   183.4   171.6   173.9   177.3   179.5   174.9   189.1   159.6   181.6   179.3   178.2
當月與上月比較
  增減值              13.0     9.3    13.0    13.0    0.0    13.7    13.2    13.0    10.8    11.0    12.0     9.3    11.2    10.1    10.5     9.8    10.4    11.0    12.2    12.9     9.7
  增減率 (%)          7.32    5.45    7.25    8.06   0.00    7.85    7.74    7.67    6.47    6.61    7.00    5.73    6.88    6.04    6.21    5.94    5.82    7.40    7.20    7.75    5.76
當月與上年同月比較
  增減值               4.9     2.3     5.3     4.3    1.0     7.7     3.5     2.8     0.7     0.0     0.5     0.9    -1.2    -3.9     2.6    -0.2     3.6     5.2     2.9     2.4     0.1
  增減率 (%)          2.64    1.30    2.83    2.53   5.88    4.26    1.94    1.56    0.40    0.00    0.27    0.53   -0.69   -2.15    1.47   -0.11    1.94    3.37    1.62    1.36    0.06
累計與上年同期比較
  增減值月比較
當月與上               -2.1    -1.2    -2.1    -2.9    0.8    -0.3    -1.9    -1.7    -0.8    -0.5    -1.6    -1.3    -2.1    -2.8     0.3    -2.8     0.3    -0.4     0.4     4.2    -1.6
(增增減率
   減百別  (%)
         分點)      -1.21   -0.73   -1.20   -1.83   4.71   -0.18   -1.14   -1.02   -0.49   -0.31   -0.95   -0.81   -1.32   -1.72    0.18   -1.73    0.17   -0.28    0.24    2.63   -0.97
註：同表 1。
                                              表9          工業及服務業受僱員工人數－按行業別分
                                                                                                                                                        單位：千人
                                    工業                                                                         服務業
                                  用水                     出版        專業、    教育業 醫療保 藝術、
   年    月   別        礦業       電力
                                  供應 營建     批發及 運輸及 住宿及 影音 金融及 不動 科學及 支援 (不含小學 健及社 娛樂及 其他
                  合計 及土石 製造業 及燃氣         合計                               以上各級
                                 及污染 工程業    零售業 倉儲業 餐飲業 及資通 保險業 產業 技術 服務業 公私立學 會工作 休閒 服務業
                     採取業     供應業
                                 整治業                     訊業        服務業     校等) 服務業 服務業
110 年             3 458      3    2 904     35      38     478    4 883   1 703   299    498     267    394      134     341    428     151    485      70     112
111 年             3 477      3    2 919     35      38     482    4 932   1 704   296    505     275    396      137     343    435     157    499      74     112
112 年             3 452      3    2 889     36      39     485    4 971   1 703   297    518     278    401      135     343    436     158    502      83     116
113 年             3 435      3    2 862     36      39     495    5 022   1 713   297    534     276    406      135     343    444     159    513      83     118
114 年             3 448      3    2 869     37      38     501    5 075   1 722   298    553     274    414      133     346    452     161    524      83     115
          6月      3 444      3    2 866     37      38     499    5 056   1 717   297    549     273    413      134     345    451     161    520      83     114
          7月      3 455      3    2 875     37      38     501    5 086   1 725   298    557     275    413      134     347    455     161    521      84     115
          8月      3 452      3    2 872     37      38     502    5 093   1 725   299    559     274    415      134     347    455     161    525      84     115
          9月      3 454      3    2 875     37      38     501    5 093   1 723   298    559     274    416      134     347    456     162    528      83     114
         10 月     3 456      3    2 874     37      38     503    5 097   1 725   299    562     273    416      133     347    455     161    530      82     114
         11 月     3 456      3    2 874     37      39     503    5 106   1 729   299    565     272    417      133     347    456     161    532      82     114
         12 月     3 456      3    2 876     37      39     502    5 111   1 732   299    567     272    418      133     347    453     161    532      82     115
115 年 1 至 7 月○P   3 464      3    2 883     37      39     502    5 114   1 734   299    570     269    418      132     345    458     161    534      82     114
          1月      3 460      3    2 880     37      39     501    5 122   1 736   299    572     272    418      132     347    457     161    533      82     115
          2月      3 448      3    2 871     37      38     499    5 107   1 732   298    568     271    418      132     345    455     160    532      81     115
          3月      3 459      3    2 879     37      39     501    5 103   1 731   299    567     270    418      132     345    454     160    532      82     114
          4月      3 462      3    2 881     38      39     502    5 104   1 731   299    567     269    417      132     344    456     161    533      81     113
          5月      3 465      3    2 884     38      39     501    5 109   1 733   299    569     268    418      132     343    458     161    534      81     113
          6 月○R   3 472      3    2 889     38      39     503    5 113   1 732   298    570     267    418      132     343    461     161    534      82     114
          7 月○P   3 486      3    2 902     38      39     505    5 141   1 741   299    578     268    418      132     345    464     160    536      84     116
當月與上月比較
  增減值                14       0      13       0       0       2      28       9      1      8      1       0       0       2       3      -1      2      2       2
  增減率 (%)          0.41   -0.43    0.45   -0.16   -0.03    0.31    0.54    0.49   0.07   1.30   0.22    0.10    0.30    0.71    0.71   -0.51   0.30   2.85    1.18
當月與上年同月比較
  增減值                31       0      27      1       1        4      55      16      1     21      -7      5       -2      -2      9      -1     15       0      1
  增減率 (%)          0.91   -3.04    0.93   1.23    1.60     0.76    1.08    0.91   0.23   3.83   -2.78   1.12    -1.58   -0.61   2.12   -0.46   2.80   -0.20   0.94
累計與上年同期比較
  增減值月比較
當月與上                 21       0      18      0       1        2      56      15      2     23      -6      5       -1       0      8      1      14      -1      -1
(增 減百別
  增減率   (%)
         分點)       0.64   -2.80    0.66   1.32    1.06     0.45    1.12    0.86   0.47   4.28   -1.96   1.24    -1.15   -0.26   1.71   0.26    2.58   -1.08   -0.97
註：同表 1。
                                     表 10 製造業受僱員工人數－按中分類行業別分
                                                                                                                               單位：千人

                                                               皮革、               紙漿、      印刷及                                  藥品及
                           食品       飲料                成衣及               木竹                         石油及      化學材料      其他化
                                                               毛皮及               紙及       資料儲                                  醫用化
   年    月   別     總計       及飼品      及菸草      紡織業      服飾品               製品                         煤製品       及肥料      學製品
                                                               其製品               紙製品      存媒體                                  學製品
                           製造業      製造業               製造業               製造業                        製造業       製造業      製造業
                                                               製造業               製造業      複製業                                  製造業
110 年              2 904     142       15       96       34       19       16       50       56       11        69       53        33
111 年              2 919     143       14       93       34       19       15       50       55       11        69       53        34
112 年              2 889     147       14       90       33       18       15       49       55       11        67       52        35
113 年              2 862     149       15       87       32       17       15       48       55       11        66       54        36
114 年              2 869     151       14       83       31       17       14       48       54       11        65       54        36
          6月       2 866     151       15       83       31       17       14       48       54       11        65       54        36
          7月       2 875     152       15       83       31       17       14       48       54       11        65       54        36
          8月       2 872     151       15       83       31       17       14       47       54       11        65       54        36
          9月       2 875     152       14       82       31       17       14       47       54       11        65       54        36
         10 月      2 874     152       14       82       31       17       14       47       54       11        65       54        36
         11 月      2 874     152       14       82       31       17       14       47       54       11        65       54        36
         12 月      2 876     153       14       81       31       17       14       47       53       11        65       54        36
115 年 1 至 7 月○P    2 883     153       14       80       30       16       14       47       53       11        64       54        36
          1月       2 880     154       14       81       31       17       14       47       53       11        65       54        36
          2月       2 871     152       14       80       30       16       14       47       53       11        65       54        36
          3月       2 879     153       14       80       31       16       14       47       53       11        64       54        36
          4月       2 881     153       14       80       31       16       14       47       53       11        64       54        36
          5月       2 884     152       14       80       30       16       14       47       53       11        64       54        35
          6 月○R    2 889     152       14       79       30       16       14       47       53       11        64       54        35
          7 月○P    2 902     153       14       79       30       16       14       47       54       11        64       54        35
當月與上月比較
  增減值                 13        1        0        0        0        0        0        0        1        0         0        0         0
  增減率 (%)           0.45     0.78     0.34    -0.33    -0.42    -0.49     0.75     0.13     0.60    -0.58     -0.24    -0.04     -0.24
當月與上年同月比較
  增減值                 27        1       -1       -4       -1       -1        0       -1        0        0        -1        0        -1
  增減率 (%)           0.93     0.69    -1.38    -5.02    -2.22    -3.25    -3.98    -0.93     0.30     0.04     -2.36    -0.63     -2.30
累計與上年同期比較
  增減值月比較
當月與上                  18        2       -1       -4       -1       -1        0       -1       -1        0        -2        0         0
(增增減率
   減百分  (%)
         點          0.66     1.42    -1.33    -4.97    -1.82    -2.61    -3.97    -1.55    -0.94    -0.54     -2.03    -0.11     -0.92
註：同表 1。
                                    表 10 製造業受僱員工人數－按中分類行業別分(續)
                                                                                                                                   單位：千人

                                                                  電腦、電       電力                        其他運輸                         產業用
                   橡膠       塑膠  非金屬         基本       金屬       電子                     機械       汽車及
                                                                  子產品及       設備                         工具及      家具       其他       機械設備
   年    月   別      製品       製品 礦物製品         金屬       製品       零組件                    設備       其零件
                                                                  光學製品       及配備                        其零件      製造業      製造業      維修及
                  製造業      製造業  製造業         製造業      製造業      製造業                    製造業      製造業
                                                                   製造業       製造業                        製造業                         安裝業
110 年                42      143      71      113      369      630   237      125     244       84        79       32       89       51
111 年                41      140      70      113      368      645   245      127     246       83        81       32       88       52
112 年                40      136      69      112      364      636   246      127     243       83        77       31       85       52
113 年                38      133      70      112      361      631   243      125     241       83        75       31       83       53
114 年                38      130      70      110      360      645   250      125     241       82        72       31       82       54
          6月         38      130      71      110      360      643   249      125     241       81        72       31       82       54
          7月         38      130      71      110      361      647   251      125     242       82        72       31       82       54
          8月         38      130      71      110      360      649   252      125     241       81        71       30       81       55
          9月         37      130      71      110      360      651   253      126     241       81        71       30       81       55
         10 月        37      129      71      110      360      652   254      126     240       81        71       30       81       55
         11 月        37      129      71      110      360      653   254      126     240       81        71       30       81       55
         12 月        37      129      71      110      359      655   255      126     240       81        71       30       81       55
115 年 1 至 7 月○P      37      128      71      109      358      663   260      127     240       80        70       30       80       56
          1月         37      129      71      109      359      656   257      127     240       81        71       30       81       56
          2月         37      128      71      109      358      656   257      126     239       80        70       30       81       55
          3月         37      128      71      109      358      659   259      127     240       80        70       30       80       56
          4月         37      128      71      109      358      661   260      127     240       80        70       30       80       56
          5月         37      128      71      109      358      665   261      127     240       80        70       29       80       56
          6 月○R      37      128      71      109      359      669   262      127     241       80        70       29       80       56
          7 月○P      37      129      71      109      359      675   264      127     242       80        70       29       81       56
當月與上月比較
  增減值                  0       1        0       0        0        6      2       0       1        0         0         0       1         0
  增減率 (%)          -0.67    0.38    -0.10    0.09     0.11     1.03   0.84    0.26    0.39     0.20      0.01     -0.52    0.68      0.76
當月與上年同月比較
  增減值                 -1       -1       0       -1       -2      28     13       2       0        -2        -2       -2       -1        2
  增減率 (%)          -3.03    -0.96   -0.09    -0.66    -0.51    4.40   5.13    1.81    0.11     -1.74     -2.47    -4.89    -1.43     3.47
累計與上年同期比較
  增減值月比較
當月與上                  -1       -2      1        -2       -2      23     12       2       -1       -2        -2       -1       -2        2
(增增減率
   減百分  (%)
         點         -2.23    -1.42   0.75     -1.61    -0.53    3.59   4.82    1.71    -0.37    -2.02     -2.95    -4.66    -1.74     3.74
註：同表 1。
                                    表 11    服務業部門受僱員工人數－按主要行業別分
                                                                                                                              單位：千人
                               批發及零售業                                                      住宿及餐飲業
                                                                                                              出版影音
                                                   運輸及                                                                           資訊、電腦
   年    月   別     總計                                        汽車       航空     運輸                                及資通                程式設計、
                          合計      批發業      零售業     倉儲業                                合計      住宿業     餐飲業               電信業      諮詢及相關
                                                           貨運業      運輸業     輔助業                               訊業
                                                                                                                                  服務業

110 年             4 883   1 703    1 052     651     299      72      22         75    498      84      414      267       44       150
111 年             4 932   1 704    1 054     650     296      72      22         74    505      85      419      275       42       160
112 年             4 971   1 703    1 049     654     297      71      24         73    518      89      429      278       42       163
113 年             5 022   1 713    1 051     662     297      71      25         73    534      89      445      276       41       162
114 年             5 075   1 722    1 053     669     298      71      27         73    553      92      461      274       41       162
          6月      5 056   1 717    1 051     666     297      70      27         73    549      91      458      273       41       161
          7月      5 086   1 725    1 054     671     298      71      27         73    557      93      464      275       41       163
          8月      5 093   1 725    1 052     673     299      71      27         74    559      93      466      274       41       163
          9月      5 093   1 723    1 053     670     298      71      27         73    559      94      465      274       41       162
         10 月     5 097   1 725    1 053     671     299      71      27         73    562      95      467      273       41       162
         11 月     5 106   1 729    1 055     673     299      71      27         73    565      95      470      272       41       162
         12 月     5 111   1 732    1 055     676     299      70      27         74    567      95      472      272       41       161
115 年 1 至 7 月○P   5 114   1 734    1 056     678     299      70      28         74    570      95      475      269       41       161
          1月      5 122   1 736    1 057     679     299      71      27         74    572      96      475      272       41       162
          2月      5 107   1 732    1 054     677     298      70      27         74    568      95      473      271       41       162
          3月      5 103   1 731    1 056     675     299      71      28         74    567      95      472      270       41       161
          4月      5 104   1 731    1 056     675     299      70      28         74    567      95      472      269       41       161
          5月      5 109   1 733    1 056     677     299      70      28         74    569      95      474      268       41       161
          6 月○R   5 113   1 732    1 055     678     298      70      28         74    570      94      476      267       40       161
          7 月○P   5 141   1 741    1 057     683     299      70      28         74    578      97      481      268       40       161
當月與上月比較
  增減值                28       9        2       5       1        0       0       0         8       3       5        1        0         0
  增減率 (%)          0.54    0.49     0.27    0.83    0.07    -0.22    0.05    0.36      1.30    2.21    1.11     0.22     0.34      0.32
當月與上年同月比較
  增減值                55      16        3      12       1       -1       1       1        21       4      17        -7       -1        -2
  增減率 (%)          1.08    0.91     0.33    1.81    0.23    -1.43    4.63    1.53      3.83    4.12    3.77     -2.78    -2.27     -1.01
累計與上年同期比較
  增減值月比較
當月與上                 56      15        3      12       2        0       2       1        23       4      19        -6        0        -1
(增增減率
   減百分  (%)
         點         1.12    0.86     0.26    1.80    0.47    -0.14    4.91    1.30      4.28    4.97    4.14     -1.96    -1.51     -0.43
註：1. 運輸輔助業不包含其他水上運輸輔助業。
  2. 同表 1。
                                    表 11      服務業部門受僱員工人數－按主要行業別分(續)
                                                                                                                                 單位：千人
                                                                                                                醫療保健及社會工作服務業
                  金融及                         證券期貨               不動產經      支援                         建築物
   年    月   別                                          不動產業                         人力       保全及                        醫療       社會工作
                  保險業      銀行業      保險業       及金融                營及相關      服務業                        及綠化       合計
                                                                                    供應業      偵探業                        保健業      服務業
                                              輔助業                服務業                                  服務業
110 年               394      152       129       56       134       86       428      129      103      113      485      394        91
111 年               396      154       127       58       137       89       435      128      105      114      499      401        97
112 年               401      158       127       58       135       87       436      122      105      115      502      406        97
113 年               406      161       128       58       135       89       444      122      108      115      513      415        99
114 年               414      163       131       60       133       87       452      124      110      117      524      422       102
          6月        413      163       132       60       134       87       451      125      109      117      520      419       101
          7月        413      163       132       60       134       88       455      127      110      117      521      420       101
          8月        415      164       132       60       134       87       455      125      110      118      525      423       102
          9月        416      164       132       60       134       88       456      125      111      119      528      426       103
         10 月       416      164       132       61       133       88       455      125      111      118      530      427       103
         11 月       417      164       133       61       133       87       456      125      112      118      532      428       104
         12 月       418      165       133       61       133       87       453      123      111      118      532      428       104
115 年 1 至 7 月○P     418      164       132       62       132       87       458      125      112      119      534      429       104
          1月        418      165       133       61       132       87       457      124      112      119      533      428       104
          2月        418      165       133       61       132       87       455      123      112      118      532      427       104
          3月        418      164       132       61       132       87       454      122      112      118      532      428       104
          4月        417      164       132       61       132       86       456      124      111      119      533      429       104
          5月        418      164       132       62       132       87       458      125      112      119      534      429       105
          6 月○R     418      164       132       62       132       86       461      128      112      119      534      430       105
          7 月○P     418      164       132       62       132       87       464      130      113      119      536      431       105
當月與上月比較
  增減值                  0        0         0        0        0         1         3        2        1         0       2        1        0
  增減率 (%)           0.10     0.11     -0.11     0.74     0.30      0.68      0.71     1.89     0.42     -0.08    0.30     0.30     0.28
當月與上年同月比較
  增減值                  5        1        0         2        -2        -1        9        3        3        2       15       11        4
  增減率 (%)           1.12     0.69     0.36      3.84     -1.58     -1.09     2.12     2.66     2.44     1.12     2.80     2.65     3.43
累計與上年同期比較
  增減值月比較
當月與上                   5        1        1         2        -1         0        8        1        2        3       14       10        3
(增增減率
   減百分  (%)
         點          1.24     0.90     1.16      2.83     -1.15     -0.39     1.71     0.89     1.94     2.07     2.58     2.50     2.87
註：1. 保險業包含人身保險業、財產保險業及其他保險輔助業。
  2. 同表 1。
                                          表 12 工業及服務業受僱員工進入率－按行業別分
                                                                                                                                                           單位：%
                                   工業                                                                            服務業
                                         用水                               出版              專業、        教育業 醫療保 藝術、
   年    月   別           礦業         電力
                                         供應 營建            批發及 運輸及 住宿及 影音 金融及 不動 科學及 支援 (不含小學 健及社 娛樂及 其他
                  合計 及土石 製造業 及燃氣                    合計                                               以上各級
                                         及污染 工程業          零售業 倉儲業 餐飲業 及資通 保險業 產業 技術 服務業 公私立學 會工作 休閒 服務業
                        採取業        供應業
                                         整治業                              訊業              服務業         校等) 服務業 服務業
110 年              2.06  1.70 2.02  0.83  1.81 2.44  2.62  2.30 1.60 4.61  2.20 1.22 2.75  2.26 4.55   2.84 1.81 4.88 2.52
111 年              2.11  1.54 2.06  0.70  1.92 2.50  2.48  2.42 1.58 3.97  1.91 1.38 2.60  2.08 4.32   2.27 1.66 3.04 1.89
112 年              1.98  1.57 1.92  0.74  1.87 2.43  2.49  2.36 1.62 4.11  1.87 1.49 2.53  2.03 4.35   2.05 1.77 2.83 2.12
113 年              1.95  1.09 1.89  0.84  1.69 2.42  2.58  2.51 1.56 4.38  1.89 1.44 2.31  2.09 4.52   2.19 1.80 2.77 1.97
114 年              2.01  1.45 1.96  0.81  1.75 2.39  2.59  2.56 1.58 4.33  1.85 1.42 2.45  2.09 4.41   2.14 1.74 2.85 2.06
          6月       2.04  1.56 1.98  0.76  1.63 2.44  2.58  2.57 1.62 4.74  1.63 1.32 3.13  2.02 4.22   1.55 1.62 2.87 1.97
          7月       2.55  1.29 2.52  0.64  2.08 2.89  3.35  3.14 2.17 5.48  2.53 1.94 3.07  3.02 5.77   2.50 2.00 5.99 3.18
          8月       2.38  1.01 2.33  0.55  2.02 2.82  3.01  2.97 1.82 4.55  2.10 1.84 2.93  2.22 4.62   3.49 2.76 2.61 2.48
          9月       2.37  1.64 2.28  0.52  1.84 3.05  2.88  2.97 1.64 4.55  1.90 1.62 2.82  2.39 4.47   3.44 2.10 2.58 1.70
         10 月      1.97  1.61 1.88  0.78  1.54 2.67  2.46  2.48 1.56 4.14  1.74 1.14 2.24  2.19 4.03   1.90 1.74 2.09 2.04
         11 月      1.70  1.22 1.66  0.35  2.17 1.99  2.26  2.21 1.37 3.65  1.33 1.27 2.06  1.80 4.07   2.25 1.50 2.22 2.36
         12 月      1.72  1.82 1.77  0.30  1.88 1.54  2.20  2.10 1.32 3.86  1.63 1.17 2.22  1.63 4.08   1.53 1.32 2.19 2.04
115 年 1 至 7 月○P    2.04  1.14 2.00  0.93  1.73 2.39  2.60  2.57 1.62 4.24  1.90 1.39 2.56  2.11 4.56   1.73 1.68 3.16 2.22
          1月       1.81  0.53 1.80  0.63  1.64 1.93  2.42  2.23 1.48 3.99  2.03 1.28 2.40  2.12 5.11   1.02 1.55 1.84 1.77
          2月       1.74  0.16 1.68  0.23  1.31 2.20  2.24  2.20 1.37 3.41  1.43 1.27 2.68  1.93 3.97   1.89 1.65 2.18 1.31
          3月       2.20  0.68 2.16  0.72  2.24 2.58  2.66  2.77 1.78 4.24  1.83 1.21 2.75  2.06 4.45   2.08 1.69 3.60 2.16
          4月       1.95  1.12 1.85  2.21  1.62 2.53  2.48  2.51 1.55 4.04  2.09 1.31 2.02  1.95 4.21   1.82 1.57 2.72 1.68
          5月       1.84  3.14 1.82  1.29  1.70 2.04  2.43  2.46 1.48 4.13  1.81 1.35 2.17  1.79 3.97   1.72 1.58 2.28 2.31
          6 月○R    2.14  1.20 2.08  0.66  1.62 2.68  2.62  2.54 1.67 4.41  1.95 1.38 2.80  2.06 4.42   1.53 1.69 3.89 2.62
          7 月○P    2.61  1.17 2.63  0.73  1.99 2.75  3.35  3.28 1.98 5.42  2.19 1.90 3.11  2.86 5.78   2.04 2.05 5.50 3.65
增減百分點
 當月與上月比較           0.47   -0.03   0.55    0.07    0.37    0.07    0.73    0.74    0.31    1.01    0.24    0.52    0.31    0.80   1.36    0.51   0.36    1.61   1.03
 當月與上年同月比較         0.06   -0.12   0.11    0.09   -0.09   -0.14    0.00    0.14   -0.19   -0.06   -0.34   -0.04    0.04   -0.16   0.01   -0.46   0.05   -0.49   0.47
 累計與上年同期比較         0.04   -0.31   0.05   -0.10    0.09    0.03   -0.01   -0.01    0.02   -0.22   -0.03   -0.03    0.11   -0.02   0.03   -0.14   0.05   -0.06   0.20
註：同表 1。
                                           表 13 工業及服務業受僱員工退出率－按行業別分
                                                                                                                                                            單位：%
                                    工業                                                                           服務業
                                 用水                      出版        專業、    教育業 醫療保 藝術、
   年    月   別        礦業      電力
                                 供應 營建      批發及 運輸及 住宿及 影音 金融及 不動 科學及 支援 (不含小學 健及社 娛樂及 其他
                  合計 及土石 製造業 及燃氣         合計                               以上各級
                                 及污染 工程業    零售業 倉儲業 餐飲業 及資通 保險業 產業 技術 服務業 公私立學 會工作 休閒 服務業
                     採取業     供應業
                                 整治業                     訊業        服務業     校等) 服務業 服務業
110 年             1.99    1.63    1.94    0.67    1.66    2.41    2.52    2.33    1.68   4.27    1.97    1.16     2.42   2.17    4.42    2.63   1.44    5.34    2.85
111 年             2.08    1.53    2.04    0.62    1.71    2.44    2.45    2.43    1.67   3.98    1.73    1.29     2.64   2.12    4.25    2.20   1.58    2.34    1.68
112 年             2.09    1.49    2.06    0.63    1.72    2.38    2.42    2.34    1.54   3.92    1.93    1.42     2.53   2.02    4.28    1.96   1.67    2.20    1.91
113 年             1.94    1.44    1.90    0.73    1.82    2.24    2.48    2.45    1.60   4.05    1.91    1.31     2.37   2.02    4.31    2.14   1.61    2.96    1.92
114 年             1.98    1.36    1.94    0.70    1.80    2.33    2.50    2.50    1.54   4.00    1.99    1.26     2.55   2.07    4.35    2.07   1.57    2.81    2.23
          6月      2.00    0.62    1.91    0.76    2.06    2.56    2.55    2.59    1.65   4.24    2.18    1.45     2.87   2.08    3.88    1.40   1.65    2.39    2.79
          7月      2.25    1.61    2.23    0.98    1.89    2.46    2.76    2.67    1.72   4.05    1.78    1.90     2.76   2.23    4.96    2.36   1.82    4.09    2.63
          8月      2.44    1.85    2.42    0.66    1.73    2.73    2.88    2.95    1.64   4.13    2.46    1.56     3.13   2.27    4.50    3.82   2.00    2.95    2.22
          9月      2.31    1.80    2.18    0.51    1.60    3.26    2.88    3.12    1.77   4.58    2.20    1.34     3.01   2.39    4.25    2.68   1.55    3.73    2.62
         10 月     1.93    2.25    1.91    0.66    1.77    2.17    2.37    2.37    1.36   3.52    2.04    1.15     2.37   2.25    4.37    2.17   1.36    2.97    1.62
         11 月     1.70    1.71    1.65    0.55    1.47    2.04    2.09    1.99    1.42   3.12    1.48    1.01     2.46   1.83    3.86    2.46   1.24    1.96    2.50
         12 月     1.70    0.86    1.71    0.70    1.54    1.78    2.11    1.92    1.33   3.46    1.91    0.88     2.27   1.63    4.59    1.44   1.31    2.06    1.23
115 年 1 至 7 月○P   1.92    1.40    1.87    0.67    1.69    2.29    2.52    2.50    1.62   3.97    2.11    1.38     2.65   2.18    4.22    1.80   1.57    2.88    2.14
          1月      1.71    0.66    1.66    0.83    1.62    2.08    2.21    2.00    1.42   3.25    1.93    1.24     3.28   2.18    4.30    1.49   1.32    2.78    1.55
          2月      2.06    2.76    2.00    0.41    2.22    2.48    2.53    2.44    1.59   3.97    1.88    1.22     2.63   2.27    4.43    2.17   1.85    2.97    1.82
          3月      1.91    1.25    1.89    0.64    1.13    2.19    2.73    2.78    1.51   4.41    2.12    1.42     2.43   2.29    4.67    2.15   1.57    3.04    2.85
          4月      1.86    1.80    1.78    0.62    1.56    2.41    2.46    2.50    1.65   4.15    2.25    1.37     2.44   2.12    3.71    1.32   1.39    2.80    2.09
          5月      1.75    0.89    1.70    0.52    1.76    2.14    2.33    2.38    1.50   3.69    2.24    1.27     2.00   2.06    3.54    1.46   1.46    3.24    2.22
          6 月○R   1.94    0.87    1.91    0.78    1.54    2.27    2.54    2.58    1.72   4.20    2.37    1.36     2.96   2.16    3.78    1.47   1.62    2.67    1.96
          7 月○P   2.20    1.60    2.18    0.89    2.02    2.44    2.81    2.80    1.92   4.12    1.97    1.80     2.81   2.15    5.07    2.54   1.76    2.65    2.47
增減百分點
 當月與上月比較           0.26    0.73    0.27    0.11    0.48    0.17    0.27    0.22   0.20   -0.08   -0.40    0.44   -0.15   -0.01    1.29   1.07    0.14   -0.02    0.51
 當月與上年同月比較        -0.05   -0.01   -0.05   -0.09    0.13   -0.02    0.05    0.13   0.20    0.07    0.19   -0.10    0.05   -0.08    0.11   0.18   -0.06   -1.44   -0.16
 累計與上年同期比較        -0.04    0.27   -0.05   -0.09   -0.23    0.01   -0.02   -0.02   0.05   -0.20    0.14    0.06    0.17    0.12   -0.16   0.05   -0.06    0.02   -0.23
註：同表 1。
附載

                114年工業及服務業勞動報酬統計結果

  企業僱用員工所支付之「勞動報酬」，包括「薪資報酬」及「非薪資報酬」二
部分，其中前者即本總處按月編布之薪資統計範圍，包含雇主給付員工之經常性
薪資（即一般慣稱之「月薪」，含本薪、按月津貼及獎金，以上均未扣除應付所得
稅、保險費、工會會費及自提退休金等）與非經常性薪資（年終獎金、年節獎金、
員工酬勞（紅利）、績效獎金及加班費等），但不含個人其他來源所得或收入，例
如股息、利息、兼職或租賃等；後者資料來源為本總處「事業人力僱用狀況調查」
                                   ，
包含雇主負擔之員工保險費、提撥退休準備金或支付之退休金、資遣費、職工福利
金及其他福利金支出。


壹、摘要

        114 年全年工業及服務業受僱員工每人平均勞動報酬為 88.3 萬元（年
     增 3.2 萬元或 3.8%），包括薪資報酬 76.1 萬元（年增 2.9 萬元或 3.9%）、
     非薪資報酬 12.2 萬元（年增 3.7 千元或 3.1%），二者占勞動報酬之比重分
     別為 86.1%及 13.9%。


貳、統計結果

一、114 年每人平均勞動報酬較 113 年增加 3.2 萬元或 3.8%。

        114 年全年受僱員工每人薪資報酬 76.1 萬元（含經常性薪資 57.5 萬元
     及非經常性薪資 18.6 萬元），加計非薪資報酬 12.2 萬元後，勞動報酬為
     88.3 萬元，較 113 年增加 3.2 萬元或 3.8%；其中薪資報酬中之經常性薪資
     增加 1.7 萬元或 3.1%，非經常性薪資增加 1.1 萬元或 6.5%，非薪資報酬亦
     增 3.7 千元或 3.1%。就各行業之受僱員工每人勞動報酬增幅觀察，以製造
     業、用水供應及污染整治業分別增加 5.5%、5.4%較多，營建工程業、批發
     及零售業亦分別增加 3.9%、3.8%。




                          1
                                    114年全年工業及服務業受僱員工每人勞動報酬

                                                                                                     各項
                                       金額               較113年              較113年                     報酬
               項目別                                      增減金額               增減率                       占比
                                                                                                                     較113年
                                       (元)                                                                          增減百分點
                                                         (元)                (%)                      (%)
   受僱員工勞動報酬                              883 024                32 240                  3.8            100.0                                  -
        薪資報酬                             760 596                28 572                  3.9                86.1                           0.1
         經常性薪資                           574 620                17 220                  3.1                65.1                          -0.4
         非經常性薪資                          185 976                11 352                  6.5                21.1                           0.6
        非薪資報酬                            122 428                 3 668                  3.1                13.9                          -0.1
         員工保險費                            67 701                 2 278                  3.5                 7.7                          -0.0
         退休準備金或退休金                        42 201                 1 246                  3.0                 4.8                          -0.0
         其他非薪資報酬                          12 526                  144                   1.2                 1.4                          -0.1
   註：其他非薪資報酬包含資遣費、職工福利金及其他福利金。



二、非經常性薪資占勞動報酬比重年升0.6個百分點。
               114 年受僱員工總報酬中，經常性薪資、非經常性薪資及非薪資報酬所
        占比重分別為 65.1%、21.1%、13.9%，其中非經常性薪資較易受景氣波動影
        響，114 年因新興科技應用需求持續擴增帶動相關產業鏈營收成長，廠商增
        加發放年終獎金及績效獎金，所占比重升至 21.1%，為歷年最高，較 113 年
        上升 0.6 個百分點；至非薪資報酬所占比重，則較 113 年下降 0.1 個百分點。


                                    歷年工業及服務業受僱員工每人勞動報酬及結構
  %                                歷年工業及服務業受僱員工每人勞動報酬及結構                                                                                      千元
100.0                                                                                                                                         1,000
        11.4         12.4 11.4                13.4 13.8             13.8    13.8 14.0         14.0         14.1 13.9            14.0 13.9
 90.0                                                                                                                    14.2
                                                                                                                                       21.1   900
                                                                                                                  20.5          20.5
 80.0   17.3         15.6 14.5                15.7 13.6             15.9    18.0 17.5         18.9         20.0          19.4          883
                                                                                                                                851           800
 70.0                                                                                                             809     817
                                                                                                           784
 60.0
                                                                                              732                                             700
 50.0                                                                       681 687
                                                                     642                                          65.6
                                              616
                                                                                                                                              600
 40.0                                                                                                                           65.5
                     575                             589
                            563                                                                            65.9          66.4          65.1
 30.0   521                                                         70.2    68.2 68.5         67.1                                            500
                                                     72.6
 20.0                       74.1
        71.3         72.0                     70.9
                                                                                                                                              400
 10.0                                                                                                                                     ~
                                                                                                                                          ~
  0.0                                                                                                          0
                                                                                                               300
        86 87 88 89 90 91 92 93 94 95 96 97 98 99 100 101 102 103 104 105 106 107 108 109 110 111 112 113 114 年
                      經常性薪資占比              非經常性薪資占比                      非薪資報酬占比                     勞動報酬金額

        註：1.工業及服務業行業涵蓋範圍107年以前不含「研究發展服務業」、「學前教育」及「社會工作服務業」。
          2.本圖資料依110年工業及服務業普查結果基準校正。
          3.因各項結構比經4捨5入後容有小數差，致加總後可能不為100.0%。




                                                            2
參、統計範圍及方法說明

 一、本項調查範圍為工業及服務業之場所單位，不包括農林漁牧業、政府機
      關、小學以上各級公私立學校，以及宗教、職業團體及類似組織等行業。

 二、自109年起擴增行業範圍包括「研究發展服務業」、「學前教育」及
      「社會工作服務業」，相關資料追溯至108年。

肆、勞動報酬涵蓋範圍



                             經常性薪資
               薪資報酬
                             非經常性薪資                  （按月編布）


                             員工保險費
 勞動報酬
                             退休準備金
                             或退休金

               非薪資報酬           資遣費
                                                     （按年編布）
                             職工福利金


                             其他福利金




伍、發布概況

 一、本項勞動報酬統計係「114 年事業人力僱用狀況調查」統計結果。

 二、本新聞稿透過網際網路發送，網址如下：
      https://www.stat.gov.tw/News.aspx?n=2724&sms=10980。
陸、附件

 表1    歷年工業及服務業受僱員工每人勞動報酬及結構

 表2    114年全年工業及服務業受僱員工每人勞動報酬及變動情形




                                  3
                 表 1 歷年工業及服務業受僱員工每人勞動報酬及結構
                                                                                          單位：元；%


       勞動報酬 勞動報酬             薪資                       退休準
 年別
        金額   結構                       經常性 非經常 非薪資 員工           職工  其他
                             報酬                報酬 保險費 備金或 資遣費 福利金 福利金
                                       薪資 性薪資         退休金

86年    520 564     100.0     88.6     71.3     17.3     11.4     5.7     3.7     0.5     1.0     0.6
87年    536 360     100.0     88.6     71.4     17.2     11.4     5.7     3.7     0.5     0.9     0.7
88年    554 784     100.0     88.2     71.4     16.8     11.8     5.6     3.9     0.9     0.8     0.6
89年    569 129     100.0     88.2     71.5     16.7     11.8     5.9     3.7     0.9     0.8     0.6
90年    574 552     100.0     87.6     72.0     15.6     12.4     5.4     4.5     1.1     0.7     0.7
91年    562 448     100.0     88.6     74.1     14.5     11.4     5.6     3.6     0.7     0.8     0.7
92年    571 880     100.0     88.3     73.0     15.2     11.7     5.8     3.9     0.4     0.8     0.9
93年    580 653     100.0     88.2     72.5     15.7     11.8     5.8     4.0     0.4     0.9     0.7
94年    590 294     100.0     87.7     71.9     15.8     12.3     5.8     4.6     0.4     0.8     0.7
95年    601 988     100.0     86.7     71.2     15.5     13.3     5.9     5.5     0.3     0.9     0.7
96年    612 599     100.0     87.0     71.1     15.9     13.0     5.8     5.4     0.3     0.9     0.7
97年    615 809     100.0     86.6     70.9     15.7     13.4     6.0     5.4     0.4     0.9     0.7
98年    588 862     100.0     86.2     72.6     13.6     13.8     6.6     5.3     0.6     0.8     0.6
99年    616 955     100.0     86.8     70.5     16.4     13.2     6.6     4.9     0.3     0.8     0.6
100年   636 339     100.0     86.7     69.3     17.4     13.3     6.8     4.9     0.2     0.8     0.7
101年   638 922     100.0     86.5     69.9     16.7     13.5     7.0     5.0     0.2     0.7     0.5
102年   641 948     100.0     86.2     70.2     15.9     13.8     7.5     4.9     0.2     0.7     0.6
103年   665 313     100.0     86.1     68.9     17.2     13.9     7.6     4.9     0.2     0.7     0.6
104年   681 498     100.0     86.2     68.2     18.0     13.8     7.7     4.7     0.2     0.6     0.6
105年   687 034     100.0     86.0     68.5     17.5     14.0     7.5     5.0     0.2     0.6     0.6
106年   708 291     100.0     85.8     67.7     18.1     14.2     7.6     5.1     0.2     0.6     0.6
107年   732 097     100.0     86.0     67.1     18.9     14.0     7.5     4.9     0.2     0.7     0.7
       748 077     100.0     85.9     66.9     19.0     14.1     7.6     4.9     0.3     0.6     0.7
108年
       (751 443)   (100.0)   (85.9)   (66.8)   (19.1)   (14.1)   (7.6)   (4.9)   (0.3)   (0.7)   (0.7)
109年   758 930     100.0     85.8     66.9     19.0     14.2     7.7     4.8     0.3     0.6     0.7
110年   783 651     100.0     85.9     65.9     20.0     14.1     7.8     4.8     0.2     0.6     0.6
111年   808 719     100.0     86.1     65.6     20.5     13.9     7.7     4.8     0.2     0.6     0.6
112年   817 121     100.0     85.8     66.4     19.4     14.2     7.9     4.9     0.2     0.6     0.6
113年   850 784     100.0     86.0     65.5     20.5     14.0     7.7     4.8     0.2     0.6     0.6
114年   883 024     100.0     86.1     65.1     21.1     13.9     7.7     4.8     0.2     0.6     0.6
註：1. 本統計結果不含農林漁牧業、政府機關、小學以上各級公私立學校、宗教、職業團體及類似組織等行業，
     107 年以前不含「研究發展服務業」、「學前教育」及「社會工作服務業」；為利比較，108 年括號內資
     料係依 107 年範圍陳示。
  2. 91 年 9 月健保費率由 4.25%調升至 4.55%；99 年 4 月健保費率由 4.55%調升至 5.17%；102 年 1 月健保
     費率由 5.17%調整為 4.91%，加收補充保險費費率 2%；105 年 1 月健保費率調降為 4.69%，補充保險費
     費率調降為 1.91%；110 年 1 月健保費率調整為 5.17%，補充保險費費率調整為 2.11%。
  3. 勞保費率自 100 年起，從 7.5%調高到 8%，之後每年調漲 0.5 個百分點，一直到 104 年的 10%，並自當
     年起，每兩年調高 0.5 個百分點，直到 116 年達上限 13%(其中 1%移由就業保險計收)。
  4. 因各項結構比經 4 捨 5 入後容有小數差，致加總後可能不為 100.0%。
  5. 本表資料依 110 年工業及服務業普查結果基準校正。



                                                   4
 表 2 114 年全年工業及服務業受僱員工每人勞動報酬及變動情形
                                                                    單位：元；%


         行業別          勞動報酬
                                    薪資報酬         經常性        非經常性 非薪資報酬
                                                 薪資          薪資
工業及服務業               883 024          760 596    574 620     185 976     122 428
                        (3.8)            (3.9)      (3.1)        (6.5)      (3.1)
 工業部門                938 703          805 800    550 092     255 708     132 903
                        (5.2)            (5.5)      (3.4)      (10.2)       (3.7)
  礦業及土石採取業           943 027          787 236    581 172     206 064     155 791
                        (2.6)            (2.7)      (3.2)        (1.4)      (2.0)
  製造業                970 109          832 680    550 200     282 480     137 429
                        (5.5)            (5.7)      (3.5)      (10.4)       (4.0)
  電力及燃氣供應業         1 396 957        1 175 532    793 632     381 900     221 425
                        (1.3)            (1.3)      (0.2)        (3.6)      (1.7)
  用水供應及污染整治業         725 568          609 300    491 976     117 324     116 268
                        (5.4)            (5.7)      (4.7)      (10.1)       (3.9)
  營建工程業              741 064          639 528    535 728     103 800     101 536
                        (3.9)            (4.1)      (3.2)        (9.1)      (2.5)
 服務業部門               845 232          729 888    591 276     138 612     115 344
                        (2.8)            (2.8)      (2.9)        (2.4)      (2.6)
  批發及零售業             774 803          669 684    569 832      99 852     105 119
                        (3.8)            (3.7)      (3.6)        (4.3)      (4.3)
  運輸及倉儲業             985 352          813 516    614 556     198 960     171 836
                        (2.8)            (4.0)      (3.1)        (7.1)     (-2.7)
  住宿及餐飲業             541 669          468 324    419 556      48 768      73 345
                        (1.8)            (1.2)      (1.8)       (-4.1)      (5.5)
  出版影音及資通訊業        1 189 166        1 037 208    835 212     201 996     151 958
                        (3.2)            (3.1)      (3.1)        (3.4)      (3.4)
  金融及保險業           1 522 592        1 319 952    851 760     468 192     202 640
                        (2.3)            (2.5)      (2.0)        (3.5)      (1.4)
  不動產業               775 010          670 500    536 196     134 304     104 510
                       (-1.4)           (-2.1)      (0.0)       (-9.5)      (3.3)
  專業、科學及技術服務業        964 863          843 744    700 476     143 268     121 119
                        (2.7)            (2.7)      (2.7)        (2.6)      (2.5)
  支援服務業              577 485          496 776    449 976      46 800      80 709
                        (1.9)            (1.8)      (2.3)       (-2.2)      (2.5)
  教育業 (不含小學以上各級      506 664          423 048    379 956      43 092      83 616
   公私立學校等)              (3.4)            (3.3)      (3.3)        (3.6)      (3.8)
  醫療保健及社會工作服務業       976 041          847 716    674 508     173 208     128 325
                        (2.5)            (2.6)      (3.5)       (-1.1)      (2.0)
  藝術、娛樂及休閒服務業        604 258          530 352    487 608      42 744      73 906
                        (3.5)            (3.4)      (4.1)       (-3.5)      (4.3)
  其他服務業              566 214          494 400    440 556      53 844      71 814
                        (2.7)            (2.5)      (2.5)        (2.3)      (4.2)
註：括號中數字為各項報酬較 113 年變動率。




                                5
