                                               新聞稿
                        行政院主計總處
公務預算處、基金預算處                             臺北市忠孝東路一段 1號   電話：(02)3356-6500
綜合規劃處、會計決算處、綜合統計處、國勢普查處、主計資訊處           臺北市廣州街 2號      電話：(02)2380-3400
網址：www.dgbas.gov.tw                                    傳真：(02)2380-3644

中華民國 115 年 8 月 10 日下午 4 時發布，並透過網際網路發送
主辦單位：國勢普查處薪資調查科
新聞聯繫人：劉佳鑫科長 電話：(02)2380-3625




                 115 年 6 月工業及服務業薪資統計結果
壹、統計結果提要
 一、6 月工業及服務業本國籍全時受僱員工經常性薪資平均數為 52,347 元，
     月增 0.34%，年增 3.56%；獎金及加班費等非經常性薪資 11,613 元，合
     計後總薪資平均數為 63,960 元，月減 3.83%，年增 6.59%。經常性薪資中
     位數為 41,188 元，月增 0.25%，年增 3.70%。
 二、6 月全體受僱員工(含本國籍、外國籍之全時員工及部分工時員工)經常性
     薪資平均數為 49,343 元，月增 0.25%，年增 3.18%；獎金及加班費等非
     經常性薪資 10,924 元，合計後總薪資平均數為 60,267 元，月減 4.01%，
     年增 6.53%。經常性薪資中位數為 39,453 元，月增 0.01%，年增 3.12%。
 三、6 月部分工時員工經常性薪資平均數為 21,099 元，月減 0.80%，年增
     1.68%；加計獎金及加班費後，總薪資平均數為 22,214 元，月減 0.45%，
     年增 3.70%。經常性薪資中位數為 15,960 元，月減 2.44%，年增 1.43%。
 四、6 月底全體受僱員工人數 858 萬 4 千人，較上月底增加 1 萬人或 0.12%。

貳、統計結果

 一、受僱員工每人薪資

  （一） 6 月本國籍全時受僱員工經常性薪資平均數為 52,347 元，較上月增
        加 0.34%，較上(114)年同月亦增 3.56%；獎金及加班費等非經常性薪
        資 11,613 元，合計後總薪資平均數為 63,960 元，較上月減少 3.83%，
        較上年同月則增 6.59%。經常性薪資中位數為 41,188 元，較上月增
        加 0.25%，較上年同月亦增 3.70%。



                                 1
 （二） 6 月全體受僱員工(含本國籍、外國籍之全時員工及部分工時員工)經
         常性薪資平均數為 49,343 元，較上月增加 0.25%，較上年同月亦增
         3.18%；獎金及加班費等非經常性薪資 10,924 元，合計後總薪資平均
         數為 60,267 元，較上月減少 4.01%，較上年同月則增 6.53%。經常性
         薪資中位數為 39,453 元，較上月增加 0.01%，較上年同月亦增 3.12%。

   工業及服務業受僱員工人數、薪資、工時統計指標摘要－按僱用型態分
                   115 年     115 年     115 年       115 年    115 年    115 年    較上月      較上年同
     項 目    別        1月        2月        3月          4月       5月       6月     增減率      月增減率
                                                              ○
                                                              R        ○
                                                                       P       (%)      (%)
本國籍全時受僱員工
人數(千人)               7 528     7 511    7 512       7 507    7 506    7 506     0.00     0.32
每人總薪資平均數(元)         78 396   106 171   61 198      60 922   66 508   63 960    -3.83     6.59
   經常性薪資平均數(元)      51 707    51 380   51 650      52 076   52 171   52 347     0.34     3.56
          中位數(元)    41 025    40 736   40 890      41 005   41 086   41 188     0.25     3.70
全體受僱員工
人數(千人)               8 581     8 555    8 562       8 566    8 574    8 584     0.12     0.99
每人總薪資平均數(元)         73 831    99 821   57 681      57 448   62 787   60 267    -4.01     6.53
   經常性薪資平均數(元)      48 852    48 497   48 810      49 160   49 222   49 343     0.25     3.18
          中位數(元)    39 155    39 034   39 255      39 369   39 451   39 453     0.01     3.12
     加班費平均數(元)       2 526     2 493    2 508       2 594    2 571    2 526    -1.75     6.76
每人平均總工時(小時)          172.8     123.4    178.6       166.2    166.2    171.2     3.01    -1.21
   平均加班工時(小時)          9.1       8.9         9.0      9.4      9.3      9.1    -2.15     5.81
部分工時受僱員工
人數(千人)                413       408         406       410      413      417     0.87     3.89
每人總薪資平均數(元)         23 678    23 215   21 947      22 276   22 315   22 214    -0.45     3.70
   經常性薪資平均數(元)      21 120    19 333   21 098      21 176   21 270   21 099    -0.80     1.68
          中位數(元)    16 511    15 056   16 233      16 155   16 359   15 960    -2.44     1.43
每人平均總工時(小時)           97.3      88.2        96.6     96.8     96.8     95.8    -1.03    -2.34
每人平均總時薪(元)            243       263         227       230      231      232     0.43     6.42
每人平均經常性時薪(元)          222       234         222       225      225      225     0.00     4.65
註：1. 全體受僱員工含本國籍、外國籍之全時員工及部分工時員工。
  2. ○
     R 表修正後統計結果，○     P 表初步統計結果，以下各表均同。
  3. 平均總時薪＝總薪資平均數／總工時，平均經常性時薪＝經常性薪資平均數／正常工時，總工時＝正常工時＋加班工時。
  4. 經常性薪資中位數之統計方法、資料來源及發布內容請參閱「肆、附錄」之二及三，以下各表均同。
  5. 自 113 年 1 月起依「110 年工業及服務業普查統計結果」及「行業統計分類(第 11 次修正)」編布本項統計結果，並往前追
     溯校正時間數列資料，以下各表均同。


 （三） 1 至 6 月本國籍全時受僱員工每月經常性薪資平均數為 51,888 元，較
         上年同期增加 3.14%，累計總薪資平均數亦增 3.47%；剔除物價因素
         後，實質經常性薪資平均數年成長 1.42%，累計實質總薪資平均數亦
         成長 1.74%。經常性薪資中位數為 40,985 元，較上年同期增加 3.23%，
         實質經常性薪資中位數年成長 1.51%。


                                        2
 歷年 1 至 6 月工業及服務業平均受僱員工人數及薪資－本國籍全時受僱員工
      項目別          110 年      111 年       112 年      113 年      114 年      115 年○
                                                                                P

月底平均受僱人數(千人)          7 447      7 512       7 473      7 469      7 484      7 512
     年增率(%)            0.87       0.88       -0.53      -0.05       0.20       0.37
每人每月經常性薪資
  平均數(元)             45 006     46 364      47 525     48 753     50 310     51 888
     年增率(%)            1.73       3.02        2.50       2.58       3.19       3.14
  低於平均數員工比率(%)        67.22      68.21       69.91      70.93      70.49      70.30
  中位數(元)             36 033     36 634      37 491     38 561     39 703     40 985
     年增率(%)            1.48       1.67        2.34       2.85       2.96       3.23
每人每月實質經常性薪資
  平均數(元)             45 346     45 295      45 379     45 517     46 084     46 738
     年增率(%)            0.27      -0.11        0.19       0.30       1.25       1.42
  中位數(元)             36 305     35 789      35 798     36 001     36 368     36 917
     年增率(%)            0.02      -1.42        0.03       0.57       1.02       1.51
每人累計總薪資平均數(元)       374 484    386 430     392 088    407 970    422 532    437 184
     年增率(%)            3.21       3.19        1.46       4.05       3.57       3.47
每人累計實質總薪資平均數(元)     377 316    377 520     374 382    380 886    387 042    393 786
     年增率(%)            1.73       0.05       -0.83       1.74       1.62       1.74
註：1. 歷年平均薪資統計係按當年度各月薪資，以受僱員工人數加權平均編算，累計總薪資則係以 1 月至當月之薪資總額
     計算每人平均數。
  2. 實質薪資係指經消費者物價指數(110 年＝100)平減後之金額。


 （四） 1 至 6 月全體受僱員工每月經常性薪資平均數為 48,981 元，較上年
       同期增加 2.88%，累計總薪資平均數亦增 3.48%；實質經常性薪資
       平均數年成長 1.16%，累計實質總薪資平均數亦成長 1.75%。經常
       性薪資中位數為 39,283 元，較上年同期增加 2.98%，實質經常性薪
       資中位數年成長 1.26%。
 （五） 1 至 6 月本國籍全時員工累計總薪資平均數較全體受僱員工高 25,398
       元，其中製造業、住宿及餐飲業、醫療保健及社會工作服務業因僱
       用外籍移工或部分工時員工較多，本國籍全時員工累計總薪資平均
       數較全體受僱員工分別高出 46,026 元、30,588 元及 24,828 元。
 （六） 部分工時員工因工時較短(6 月總工時平均為 95.8 小時)，6 月經常性
       薪資平均數為 21,099 元，月減 0.80%，年增 1.68%，平均經常性時
       薪 225 元，與上月持平，年增 4.65%；加計獎金及加班費後，總薪
       資平均數為 22,214 元，月減 0.45%，年增 3.70%；經常性薪資中位
       數為 15,960 元，月減 2.44%，年增 1.43%。1 至 6 月每月經常性薪資
       平均數為 20,852 元，年增 1.79%；經常性薪資中位數為 16,035 元，
       年增 2.45%。

                                      3
   歷年 1 至 6 月工業及服務業平均受僱員工人數及薪資－全體受僱員工
      項目別         110 年      111 年       112 年      113 年      114 年      115 年○
                                                                               P

月底平均受僱人數(千人)         8 331      8 387       8 409      8 428      8 494      8 571
     年增率(%)           0.98       0.67        0.27       0.22       0.78       0.91
每人每月經常性薪資
  平均數(元)            42 817     44 079      45 075     46 226     47 612     48 981
     年增率(%)           1.79       2.95        2.26       2.55       3.00       2.88
  低於平均數員工比率(%)       66.81      67.20       68.28      69.30      69.82      70.03
  中位數(元)            34 319     35 073      35 958     37 100     38 148     39 283
     年增率(%)           1.80       2.20        2.52       3.18       2.82       2.98
每人每月實質經常性薪資
  平均數(元)            43 141     43 063      43 039     43 158     43 613     44 119
     年增率(%)           0.33      -0.18       -0.06       0.28       1.05       1.16
  中位數(元)            34 578     34 264      34 334     34 637     34 944     35 384
     年增率(%)           0.34      -0.91        0.20       0.88       0.89       1.26
每人累計總薪資平均數 (元)     354 312    366 054     370 644    384 528    397 950    411 786
     年增率(%)           3.04       3.31        1.25       3.75       3.49       3.48
每人累計實質總薪資平均數(元)    356 988    357 612     353 904    359 004    364 524    370 914
     年增率(%)           1.56       0.17       -1.04       1.44       1.54       1.75
註：同上表。

 歷年 1 至 6 月工業及服務業平均受僱員工人數及薪資－部分工時受僱員工
      項目別         110 年      111 年       112 年      113 年      114 年      115 年○
                                                                               P


月底平均受僱人數(千人)          389        393         394        395        401        411
     年增率(%)          -0.31       1.09        0.19       0.15       1.72       2.42
每人每月經常性薪資
  平均數(元)            19 258     18 760      19 281     20 202     20 485     20 852
     年增率(%)           2.71      -2.59        2.78       4.78       1.40       1.79
  中位數(元)            16 633     15 999      15 736     15 637     15 652     16 035
     年增率(%)           1.39      -3.81       -1.64      -0.63       0.10       2.45
每人累計總薪資平均數 (元)     123 522    119 862     124 308    128 892    131 712    135 648
     年增率(%)           3.43      -2.96        3.71       3.69       2.19      2.99
註：同上表。

 （七） 全體受僱員工行業別薪資
   1. 因個別受僱員工從事行業、個人條件及資歷(如教育程度、職業、工
         作年資等)不同，致其薪資與整體受僱員工平均薪資有所差異，觀察
         其中行業部分，1至6月每月經常性薪資平均數較低者為住宿及餐飲
         業34,754元、其他服務業(如美容美髮及用品維修)37,379元，另受僱
         員工人數較多之製造業46,920元，亦低於全體受僱員工平均數(惟其
         中電子零組件製造業58,173元)；至金融及保險業74,369元、出版影
         音及資通訊業71,033元、專業科學及技術服務業59,605元等，則為
         經常性薪資平均數較高之行業。
                                     4
   2. 觀察 1 至 6 月各行業受僱員工經常性薪資中位數，仍以其他服務業、
      住宿及餐飲業較低，分別為 31,008 元與 31,648 元，製造業 37,746 元
      亦低於全體受僱員工中位數(惟其中電子零組件製造業 48,289 元)；
      至金融及保險業、出版影音及資通訊業、專業科學及技術服務業，
      則仍屬經常性薪資中位數較高之行業，分別為 60,273 元、54,629 元、
      45,118 元。
   3. 觀察 1 至 6 月行業別經常性薪資平均數變動情形，各行業多較上年成
      長，其中金融及保險業年增 5.13%、批發及零售業年增 3.50%、醫療
      保健及社會工作服務業亦年增 3.36%。累計總薪資平均數部分，金融
      及保險業年增 4.89%、製造業年增 4.88%、支援服務業亦年增 3.39%。
 115 年 1 至 6 月各業平均受僱員工人數結構及薪資增減情形－全體受僱員工
                月底平均                         每月經常性薪資                   累計
                受僱人數                                                  總薪資        較上年同
    行 業   別           結構比           平均數 較上年同 中位數 較上年同                 平均數
                 (千人)               (元/人) 期增減率 (元) 期增減率               (元/人)      期增減率
                       (%)
                 ○
                 P                    ○
                                      P    (%)  ○
                                                P   (%)                ○
                                                                       P          (%)
工業及服務業            8 571    100.00   48 981    2.88    39 283   2.98    411 786     3.48
 工業部門             3 461     40.38   46 867    2.82    37 921   3.18    426 774     4.56
 礦業及土石採取業             3      0.03   50 139    3.72    43 580   3.13    472 470     6.91
 製造業              2 880     33.61   46 920    2.91    37 746   3.39    438 756     4.88
  電子零組件製造業           661     7.71   58 173    2.31    48 289   3.43    650 694     6.63
  電腦電子光學製品製造業        259     3.03   54 178    1.88    44 320   1.69    575 862     2.66
 電力及燃氣供應業             37     0.44   68 303    3.73    65 211   3.31    657 180     3.22
 用水供應及污染整治業           39     0.45   41 904    2.95    37 298   3.65    334 170     1.39
 營建工程業               501     5.85   45 323    2.16    37 467   1.58    347 616     2.61
 服務業部門            5 110     59.62   50 414    2.90    40 209   3.27    401 640     2.72
 批發及零售業           1 733     20.22   48 839    3.50    39 329   3.85    361 890     2.87
   批發業            1 056     12.32   51 754    3.86    40 258   3.69    388 344     2.78
   零售業               677     7.90   44 294    3.00    38 064   3.90    320 640     3.24
 運輸及倉儲業              299     3.48   52 385    3.09    44 402   3.06    426 906     2.07
 住宿及餐飲業              569     6.64   34 754    -0.70   31 648   0.44    241 794     0.43
 出版影音及資通訊業           270     3.15   71 033    2.39    54 629   2.65    577 026     2.24
 金融及保險業              418     4.87   74 369    5.13    60 273   4.50    826 830     4.89
 不動產業                132     1.54   45 340    2.37    37 647   3.26    369 606     1.36
 專業、科學及技術服務業         344     4.02   59 605    2.66    45 118   0.93    457 242     2.77
 支援服務業               457     5.33   38 286    2.66    34 129   5.12    260 994     3.39
 教育業(註)              161     1.87   32 333    3.23    32 165   4.30    227 448     2.51
 醫療保健及社會工作服務業        533     6.22   57 298    3.36    44 468   2.70    459 126     2.60
 藝術、娛樂及休閒服務業          81     0.95   41 114    1.76    33 012   0.62    282 504     2.28
 其他服務業               114     1.33   37 379    2.15    31 008   4.60    258 498     2.48
註：教育業不含小學以上各級公私立學校等，僅涵蓋「學前教育、教育輔助及其他教育業」，如幼兒園、各類補習班、才
  藝班、汽車駕駛訓練班及代辦留(遊)學服務等。

                                    5
        （八） 全體受僱員工經常性薪資分布(按季發布)

                   將全體受僱員工經常性薪資由低至高排序後，再均分為 10 組，1
              至 6 月工業及服務業受僱員工經常性薪資第 1 十分位數為 29,500 元，
              較上年同期增加 3.18%；第 9 十分位數為 80,929 元，較上年同期增加
              3.05%。若按四等分位衡量，第 1 四分位數為 30,615 元，第 3 四分位
              數為 54,030 元，分別較上年同期增加 2.55%及 3.50%。

               115 年 1 至 6 月工業及服務業全體受僱員工經常性薪資分布
                            中位數 平均數
                            39,283元 48,981元
                            (2.98%) (2.88%)
               D1      Q1                  Q3              D9
 萬人            29,500元 30,615元             54,030元         80,929元
               (3.18%) (2.55%)             (3.50%)         (3.05%)
180.0
160.0                                                                                           D1 ：第1十分位數
140.0                                                                                           Q1 ：第1四分位數
120.0                                                                                           Q3 ：第3四分位數
100.0                                                                                           D9 ：第9十分位數
 80.0
 60.0
 40.0
                                                                              右尾持續延伸，惟受限於版面無法顯示
 20.0
  0.0
         11   22     33      44      55      66      77   88    9 9   1010 1111 1212 1313 1414 1515 1616   1717 萬元
                                                                                                                萬元
        註：括號內數字為較上年同期增減率。



        （九） 全體受僱員工個人特性別經常性薪資中位數

         1. 1 至 6 月女性全體受僱員工經常性薪資中位數為 37,392 元，男性為
              41,136 元；若與上年同期比較，分別增加 3.51%及 3.06%。
         2. 1 至 6 月未滿 30 歲者經常性薪資中位數為 32,477 元，後隨年齡增長，
              薪資因工作經驗及專業程度之累積而提高，50 至 64 歲者增至 43,949
              元；至 65 歲以上者因包括退休後二度就業之員工，中位數降為
              38,826 元。
         3. 1 至 6 月經常性薪資中位數隨教育程度提高而遞增，專科及大學程
              度者為 41,759 元，研究所程度者為 68,006 元。




                                                           6
      歷年 1 至 6 月工業及服務業個人特性別經常性薪資中位數－全體受僱員工

                              較上年同       較上年同       較上年同       較上年同       較上年同
        項目別          111 年         112 年      113 年      114 年      115 年
                              期增減率       期增減率       期增減率       期增減率   ○
                                                                      P
                                                                          期增減率
                               (%)        (%)        (%)        (%)        (%)
性別
 男                   36 864     2.07    37 530   1.81   38 756       3.27   39 915     2.99   41 136      3.06
 女                   33 242     3.10    34 109   2.61   35 032       2.71   36 125     3.12   37 392      3.51
年齡別
 未滿 30 歲             29 429     4.78    30 074   2.19   30 846       2.57   31 549     2.28   32 477      2.94
     未滿 25 歲         26 686     4.65    27 371   2.57   28 353       3.59   29 145     2.79   29 825      2.33
     25-29 歲         32 059     4.03    32 956   2.80   33 955       3.03   35 148     3.51   36 229      3.08
 30-39 歲             35 891     2.06    36 558   1.86   37 585       2.81   38 860     3.39   40 097      3.18
 40-49 歲             39 781     1.43    40 158   0.95   40 817       1.64   41 836     2.50   43 065      2.94
 50-64 歲             41 072     0.58    41 458   0.94   42 240       1.89   42 997     1.79   43 949      2.21
 65 歲以上              35 464     -0.87   36 345   2.48   37 841       4.12   38 334     1.30   38 826      1.28
教育程度別
 國中及以下               29 838     2.46    30 469   2.11   31 112       2.11   31 669     1.79   32 654      3.11
 高級中等(高中、高職)         31 793     2.09    32 584   2.49   33 263       2.08   34 123     2.59   35 231      3.25
 專科及大學               37 052     2.21    37 940   2.40   39 096       3.05   40 351     3.21   41 759      3.49
 研究所                 60 187     3.78    61 611   2.37   63 596       3.22   66 198     4.09   68 006      2.73




 二、全體受僱員工每人工時
     （一）6 月全體受僱員工總工時平均為 171.2 小時，較上月增加 5.0 小時，
               較上年同月則減 2.1 小時。
                                                          小時          歷年1至6月平均每月總工時
                                                              170.4
     （二）1 至 6 月平均每月總工時為 163.1 小                           172     167.3            165.1
                                                                                        163.1

               時，較上年同期減少 2.0 小時，其                         156
                                                          140
               中正常工時減少 2.4 小時，加班工                         124
                                                                 ≈
               時則增 0.4 小時。                                108
                                                            0    104 105 106 107 108 109 110 111 112 113 114 115 年


 三、全體受僱員工每人加班工時及加班費

     （一）6 月全體受僱員工加班工時平均為 9.1 小時，較上月減少 0.2 小時，
               較上年同月則增 0.5 小時，其中製造業為 18.0 小時，較上月減少 0.3
               小時，較上年同月則增 0.5 小時；1 至 6 月平均每月加班工時為 9.1
               小時，較上年同期增加 0.4 小時，其中製造業為 17.8 小時，亦增 0.8
               小時。


                                                 7
（二）6 月加班費平均為 2,526 元，較              歷年1至6月平均每月加班費及加班工時
                              元                                                         小時
                                                         全體加班費
   上月減少 1.75%，較上年同月則        2,600             製造業加班工時
                                                                              2,537
                                                                          2,384
                                                                                         20

   增 6.76%；1 至 6 月平均每月加     2,200                                         17.0
                                                                                 17.8    16
                                     16.0 15.4
                                        全體加班工時
   班費為 2,537 元，較上年同期增       1,800 1,562
                                        1,572
                                                                                         12

   加 6.42%。                 1,400
                                                                            8.7 9.1
                                                                                         8
                                    ≈ 8.5 8.1                                       ≈
                            1,000
                               0                                                         40
                                     104 105 106 107 108 109 110 111 112 113 114 115 年


四、全體受僱員工人數

（一）6 月底全體受僱員工人數為 858 萬 4 千人，較上月底增加 1 萬人或
   0.12%，其中以製造業月增 4 千人最多，營建工程業月增 3 千人次
   之，住宿及餐飲業、支援服務業亦均月增 2 千人；若與上年同月底
   比較，亦增 8 萬 4 千人或 0.99%。
                                    歷年1至6月平均每月受僱員工人數增減
                             千人
（二）1 至 6 月平均每月受僱員工人數         300            年增減率
                                                                                              %
                                                                                              3
                                     2.29
   為 857 萬 1 千人，較上年同期增       200            1.41                                              2

   加 7 萬 7 千人或 0.91%，其中工     100
                                                                             0.78 0.91
                                                                                              1

   業部門增加 2 萬人或 0.59%，服         0
                                                                                 66 77
                                                                                              0
                                     168 106
                                                     年增減值
   務業部門亦增 5 萬 7 千人或         -100                                                              -1
                                 104 105 106 107 108 109 110 111 112 113 114 115 年
   1.12%。就行業別觀察，住宿及           註：108年因行業擴增，為利比較，其年增減係按107年行業範
                                圍進行統計。

   餐飲業年增 2 萬 4 千人，製造業
   年增 1 萬 7 千人，批發及零售業年增 1 萬 5 千人，醫療保健及社會
   工作服務業年增 1 萬 3 千人，出版影音及資通訊業則年減 5 千人。



五、全體受僱員工進退狀況
（一）6 月全體受僱員工因增僱或召回等原因而進入之人數為 20 萬 8 千人，
   較上月增加 2 萬 1 千人，其中製造業增加 7 千人最多，營建工程業
   增加 4 千人次之，住宿及餐飲業、支援服務業亦均增加 2 千人；因
   辭職、解僱、退休等原因而退出之人數為 19 萬 7 千人，較上月增加
   1 萬 7 千人，其中製造業增加 6 千人最多，批發及零售業增加 4 千人
   次之，住宿及餐飲業亦增加 3 千人；各行業進退人數相抵之後，受
   僱員工淨增加 1 萬人。
                      8
 （二）6月進入率為 2.42%，較上月增加 0.23個百分點，較上年同月亦增 0.06
       個百分點；6 月退出率為 2.30%，                               歷年1至6月平均每月進退率
                                        %
       較上月增加 0.20 個百分點，較上年             2.6
                                                           退出率
       同月則減 0.03 個百分點。                 2.4 2.34
                                                  2.19                              2.26 2.26

                                       2.2                                           2.25 2.23
 （三）1 至 6 月平均每月進入率為 2.26%，                     2.25 2.14
                                       2.0
       年增 0.01 個百分點；同期間退出率                    ≈            進入率
                                       1.80
       為 2.23%，年減 0.03 個百分點。                  104 105 106 107 108 109 110 111 112 113 114 115 年



參、發布概況
一、本新聞稿透過網際網路系統同步發送，網址如下：
   https://www.stat.gov.tw/News.aspx?n=2724&sms=10980。
二、115 年 7 月工業及服務業薪資統計初步結果訂於 115 年 9 月 14 日下午 4
   時發布，並同步辦理資料說明會，不另發開會通知，至修正後統計結
   果則於 115 年 8 月初步結果發布時同步公布於本總處網站。

肆、附錄
一、統計範圍與定義
 （一）本項統計範圍為場所單位僱用之領薪員工，不包括農林漁牧業、政
       府機關、小學以上各級公私立學校，以及宗教、職業團體及類似組
       織等行業之僱用員工。
 （二）110 年 1 月起擴增行業範圍包括「研究發展服務業」、「學前教育」
       及「社會工作服務業」，相關資料追溯至 108 年。
 （三）本項統計之薪資係指廠商支付給員工之工作報酬，包括經常性薪資
       (即一般慣稱之「月薪」，含本薪、按月津貼及獎金)及非經常性薪資
       (年終獎金、年節獎金、員工酬勞(紅利)、績效獎金及加班費等)，以
       上均不扣除應付所得稅、保險費、工會會費及自提退休金等，但不
       含個人其他來源所得或收入，例如股息、利息、兼職或租賃等所得，
       亦不含雇主負擔或提撥之保險費、退休金與資遣費等非薪資報酬。
 （四）本月底受僱員工人數為上月底受僱員工人數加上本月進入人數後，
       扣除本月退出人數，但年平均資料並不成立，主因受僱員工人數年
       資料為各月平均數，非年底人數。



                                 9
二、經常性薪資中位數及分布統計編製方法
（一）為提升受僱員工涵蓋範圍完整性，爰將勞工保險檔、勞退月提繳工
   資檔、全民健康保險檔等按月扣(提)繳薪資大數據資料整合為作業
   主檔，先剔除其中不符受僱員工定義之投保者(如以工會名義投保之
   自營作業者等)，再運用工業及服務業普查母體資料庫校正行業範圍，
   並連結當月戶籍檔取得年齡、教育程度等個人特性別資料後進行編
   布作業。另考量編布初步結果(以○
                  P 註記)時尚未取得當月之勞退月

   提繳工資檔，爰運用上月資料進行編布，俟取得當月資料後，再於
   次月修正統計結果(以 R
             ○註記)。
                     編製流程圖

  按月勞工保險檔          按月勞退提繳工資檔           按月全民健康保險檔


                              剔除勞工退休金自願提繳部分
                              以企業及個人識別代碼連結比對
                              剔除不符受僱員工定義之投保者

                整合後按月保險檔(提繳工資檔)


                          以個人識別代碼比對       按月戶籍資料檔
                                        (取得個人特性別資料)


                          以企業識別代碼比對 工業及服務業母體資料庫
                                         (進行行業校正)


            運用妥適分配配適設限範圍(左、右尾)之資料



             工業及服務業受僱員工經常性薪資分布統計
  (包括分布圖、中位數及各等分位數；級距範圍內資料以線性插補法產製各類分配量數)



（二）因前述大數據資料來源皆以按月扣(提)繳薪資級距作為基準，且係
   具有最高(低)級距之設限資料(censored data)，爰運用線性插補法
   (linear interpolation)將級距資料差異化；並導入分配配適(distribution
   fitting)方法，估算高(低)於最高(低)級距 (即分配左右尾資料)受僱員
   工之月薪後，再進行中位數及分布統計編製作業，以提升統計確度。

                         10
三、經常性薪資中位數及分布統計發布內容與期程
       本總處自 113 年 7 月(資料時間)起每月同步編布經常性薪資中位數，
  並逐月追溯至 109 年 1 月；至經常性薪資分布統計(包括整體分布圖及
  十分位數、四分位數等指標)部分，自 113 年 9 月起，累計每年 1 至 3
  月、1 至 6 月、1 至 9 月及全年資料，一年編布 4 次，並追溯至 109 年
  第 1 季。
四、附表
  表 1 工業及服務業受僱員工薪資調查統計指標
  表 2 工業及服務業受僱員工每人平均總薪資－按行業別分
  表 3 製造業受僱員工每人平均總薪資－按中分類行業別分
  表 4 服務業部門受僱員工每人平均總薪資－按主要行業別分
  表 5 工業及服務業受僱員工每人每月經常性薪資
  表 6 工業及服務業受僱員工每人每月經常性薪資－按受僱員工個人特性別分
  表 7 工業及服務業受僱員工每人每月經常性薪資－按行業別分
  表 8 工業及服務業受僱員工人數四等分位組分界點之經常性薪資
  表 9 工業及服務業受僱員工人數十等分位組分界點之經常性薪資
  表 10 工業及服務業受僱員工每人每月總工時－按行業別分
  表 11 工業及服務業受僱員工人數－按行業別分
  表 12 製造業受僱員工人數－按中分類行業別分
  表 13 服務業部門受僱員工人數－按主要行業別分
  表 14 工業及服務業受僱員工進入率－按行業別分
  表 15 工業及服務業受僱員工退出率－按行業別分
  表 16 工業及服務業受僱員工平均薪資及工時－按行業別及僱用型態分




  ※有關薪資統計編製方法與名詞定義等請上網查閱
   網址：https://www.stat.gov.tw/News_Content.aspx?n=2713&s=103117




                              11
                        表1        工業及服務業受僱員工薪資調查統計指標
                 受僱員工人數                 進入人數             退出人數             每人每月總工時                 每人每月              每人每月
   年月別         合 計 工業 服務業                                                    加班工時                經常性薪資               加班費
                   部門 部門                        進入率              退出率           年增數                        年增率               年增率
               (千人) (千人)       (千人) (千人)        (%)     (千人)      (%) (小時) (小時) (小時)             (元)      (%)       (元)     (%)

106 年平均        7 777   3 343   4 434     187     2.41     172      2.22   169.5    7.9    -0.6   39 937    1.84     1 709    3.95
107 年平均        7 923   3 393   4 530     191     2.41     180      2.28   169.4    8.0    0.1    40 949    2.53     1 798    5.21
108 年平均        8 231   3 422   4 809     195     2.37     183      2.22   168.8    7.7       -   41 700         -   1 793         -
109 年平均        8 276   3 427   4 849     187     2.26     185      2.23   168.3    7.3    -0.4   42 281    1.39     1 765   -1.56
110 年平均        8 341   3 458   4 883     199     2.39     193      2.30   166.6    7.9    0.6    43 045    1.81     1 964   11.27
111 年平均        8 409   3 477   4 932     196     2.33     193      2.29   167.1    7.7    -0.2   44 210    2.71     1 993    1.48
112 年平均        8 423   3 452   4 971     192     2.28     192      2.28   168.3    8.0    0.3    45 197    2.23     2 087    4.72
113 年平均        8 457   3 435   5 022     197     2.33     191      2.26   169.2    8.5    0.5    46 450    2.77     2 282    9.34
114 年平均        8 523   3 448   5 075     201     2.35     195      2.29   168.9    8.8    0.3    47 885    3.09     2 402    5.26
      5月       8 497   3 442   5 055     186     2.19     180      2.12   167.7    9.1    0.5    47 804    2.89     2 485    7.44
      6月       8 500   3 444   5 056     201     2.36     198      2.33   173.3    8.6    0.0    47 821    2.89     2 366    2.25
      7月       8 540   3 455   5 086     257     3.02     217      2.55   180.7    8.5    0.1    47 903    2.92     2 309    3.73
      8月       8 545   3 452   5 093     235     2.75     230      2.70   172.4    8.8    0.2    48 075    2.87     2 408    3.93
      9月       8 547   3 454   5 093     229     2.67     227      2.65   173.2    8.6    0.2    48 124    3.22     2 351    4.86
      10 月     8 553   3 456   5 097     194     2.26     188      2.19   166.2    9.3    0.2    48 285    3.87     2 521    3.87
      11 月     8 562   3 456   5 106     174     2.04     165      1.93   163.8    8.8    -0.1   48 140    3.08     2 428    1.97
      12 月     8 567   3 456    5 111    172     2.00     167      1.95   179.5    9.0    0.3    48 414    3.09     2 500    7.39
115 年 1至 6月○
           P   8 571   3 461   5 110     194     2.26     191      2.23   163.1    9.1    0.4    48 981    2.88     2 537    6.42
      1月       8 581   3 460   5 122     186     2.18     172      2.01   172.8    9.1    0.4    48 852    2.97     2 526    5.69
      2月       8 555   3 448   5 107     175     2.04     201      2.34   123.4    8.9    0.6    48 497    2.52     2 493    8.02
      3月       8 562   3 459   5 103     212     2.48     205      2.40   178.6    9.0    0.4    48 810    2.69     2 508    8.10
      4月       8 566   3 462   5 104     194     2.26     190      2.21   166.2    9.4    0.4    49 160    2.93     2 594    6.53
      5 月○
         R     8 574   3 465   5 109     187     2.19     180      2.10   166.2    9.3    0.2    49 222    2.97     2 571    3.46
      6 月○
         P     8 584   3 471   5 113     208     2.42     197      2.30   171.2    9.1    0.5    49 343    3.18     2 526    6.76
增減值
 與上月比較           10       6        4      21     0.23      17      0.20     5.0    -0.2            121               - 45
 與上年同月比較         84      27       57       7     0.06      -1     -0.03    -2.1    0.5            1 522              160
 與上年同期比較         77      20       57       3     0.01      -1     -0.03    -2.0    0.4            1 369              153
增減率 (%)
 與上月比較          0.12    0.19    0.08    10.83            9.75              3.01   -2.15            0.25             -1.75
 與上年同月比較        0.99    0.79    1.13     3.53            -0.22            -1.21   5.81             3.18              6.76
 與上年同期比較        0.91    0.59    1.12     1.19            -0.73            -1.21   4.60             2.88              6.42
註： 1.本統計結果不含農林漁牧業、政府機關、小學以上各級公私立學校、宗教、職業團體及類似組織等行業，107 年以前
     不含「研究發展服務業」、「學前教育」及「社會工作服務業」；因 108 年行業擴增幅度較大，當年數據不與前一年
     資料比較。
   2.○
     R 表修正後統計結果，○      P 表初步統計結果。

   3.自 113 年 1 月起依「110 年工業及服務業普查統計結果」及「行業統計分類(第 11 次修正)」編布本項統計結果，並往前
     追溯校正時間數列資料。
                            表2        工業及服務業受僱員工每人平均總薪資－按行業別分
                                                                                                                         單位：元
                                                        工業                                                    服務業

   年 月    別       總計                   礦業及                    電力及         用水供應及       營建                      批發及        運輸及
                            合計                    製造業                                            合計
                                      土石採取業                  燃氣供應業        污染整治業       工程業                     零售業        倉儲業

110 年累計           673 524   706 800     696 912    726 540    1 129 332     534 384    569 616   649 968       582 084    687 252
111 年累計           696 504   736 896     730 284    759 888    1 152 924     542 292    582 540   668 028       592 848    743 196
112 年累計           701 040   729 984     741 180    749 904    1 159 152     555 936    593 724   680 928       613 908    743 484
113 年累計           732 024   764 064     766 476    787 464    1 160 760     576 468    614 352   710 112       645 768    782 208
114 年累計           760 596   805 800     787 236    832 680    1 175 532     609 300    639 528   729 888       669 684    813 516
        5月         61 996    65 900     115 566     67 079      184 831      48 385     51 268    59 337        53 764     61 179
        6月         56 575    56 749      52 343     57 913       76 709      62 776     48 132    56 456        51 854     70 029
        7月         65 742    80 776      78 761     86 093      123 775      43 924     49 889    55 530        51 846     59 938
        8月         61 630    68 040      51 997     71 203       72 011      48 075     51 250    57 285        52 031     79 445
        9月         57 520    60 713      52 765     62 545       76 320      44 423     50 325    55 354        51 578     56 264
       10 月        57 263    59 208      52 327     60 688       74 151      44 791     50 781    55 943        52 861     56 731
       11 月        58 163    64 587      52 514     67 264       89 825      50 924     48 531    53 815        50 881     56 376
       12 月        62 459    64 351      56 391     66 575      103 318      47 566     50 058    61 179        58 748     86 542
115年1至6月累計○   P   411 786   426 774     472 470    438 756      657 180     334 170    347 616   401 640       361 890    426 906
        1月         73 831    76 203     114 312     78 144      118 941      58 929     62 984    72 229        65 270     75 885
        2月         99 821   106 938      70 065    111 317      107 153      73 909     84 498    95 016        81 167     98 886
        3月         57 681    56 316      53 931     57 536       78 908      44 503     48 568    58 606        53 591     62 147
        4月         57 448    57 319      54 539     58 805       78 886      44 936     48 144    57 535        53 691     58 477
        5 月○R      62 787    68 072     122 375     69 497      189 393      48 769     51 877    59 203        54 496     60 213
        6 月○P      60 267    62 078      55 797     63 604       83 065      63 329     51 692    59 037        53 669     71 351
當月與上月比較
  增減值              -2 520    -5 994     -66 578     -5 893     -106 328      14 560      - 185        - 166      - 827     11 138
  增減率 (%)           -4.01     -8.81      -54.40      -8.48       -56.14       29.86      -0.36        -0.28      -1.52      18.50
當月與上年同月比較
  增減值               3 692     5 329       3 454      5 691       6 356          553      3 560     2 581         1 815      1 322
  增減率 (%)            6.53      9.39        6.60       9.83        8.29         0.88       7.40      4.57          3.50       1.89
累計與上年同期比較
  增減值              13 836    18 618      30 540     20 430      20 526        4 572      8 832    10 644        10 092      8 652
  增減率 (%)            3.48      4.56        6.91       4.88        3.22         1.39       2.61      2.72          2.87       2.07
註：同表 1。
                            表2     工業及服務業受僱員工每人平均總薪資－按行業別分(續)
                                                                                                                           單位：元
                                                                     服務業

   年 月    別                                                                            教育業          醫療保健及
                 住宿及       出版影音及        金融及                    專業、科學及      支援                             藝術、娛樂及          其他
                                                    不動產業                              (不含小學以上各級      社會工作
                 餐飲業       資通訊業         保險業                    技術服務業       服務業          公私立學校等)
                                                                                                          休閒服務業           服務業
                                                                                                     服務業
110 年累計          418 608      902 232   1 190 508    684 168     762 084    449 592       378 420     774 264   464 844    436 824
111 年累計          433 308      943 212   1 206 516    682 104     785 652    455 160       389 388     801 540   480 108    456 540
112 年累計          451 944      965 208   1 178 916    664 044     802 092    470 316       401 196     822 192   498 096    475 188
113 年累計          462 816    1 005 864   1 287 828    684 828     821 724    487 776       409 452     826 632   512 748    482 400
114 年累計          468 324    1 037 208   1 319 952    670 500     843 744    496 776       423 048     847 716   530 352    494 400
         5月       38 339       81 201     120 285     52 415      65 704     40 601        33 053      67 441    42 452     40 247
         6月       37 244       83 405      88 724     49 868      66 481     40 614        32 431      66 590    42 260     39 355
         7月       37 171       77 979      88 417     50 046      67 826     40 363        32 658      65 941    42 503     39 775
         8月       37 924       83 415      94 773     51 435      63 532     40 555        33 217      64 944    42 721     38 557
         9月       37 373       77 493      88 162     53 600      65 301     40 538        34 299      67 329    42 963     39 821
        10 月      38 528       76 136      87 747     51 118      65 770     40 852        33 707      68 964    42 446     38 724
        11 月      37 478       76 307      81 960     47 743      61 872     40 204        33 473      64 912    41 522     38 830
        12 月      39 269       81 312      91 570     51 960      74 672     41 878        33 885      68 457    42 076     46 354
115年1至6月累計○  P   241 794      577 026     826 830    369 606     457 242    260 994       227 448     459 126   282 504    258 498
         1月       39 564      108 512     143 329     63 203      87 006     45 250        37 806      89 068    47 412     46 469
         2月       51 281      117 483     258 133    108 087     103 404     49 541        56 126     100 924    64 073     51 505
         3月       37 301      105 553      98 139     48 378      66 414     41 616        33 426      66 873    42 682     39 573
         4月       38 086       75 376     108 007     49 199      65 385     41 345        33 217      66 055    42 546     38 970
         5 月○R    37 706       81 976     117 517     48 949      64 607     41 486        33 214      68 316    42 721     40 672
         6 月○P    37 863       87 774     101 448     51 810      70 202     41 784        33 742      67 992    43 105     41 195
當月與上月比較
  增減值                157       5 798      -16 069      2 861       5 595        298           528       - 324       384        523
  增減率 (%)           0.42        7.07       -13.67       5.84        8.66       0.72          1.59       -0.47      0.90       1.29
當月與上年同月比較
  增減值                619       4 369      12 724       1 942       3 721      1 170         1 311       1 402       845      1 840
  增減率 (%)           1.66        5.24       14.34        3.89        5.60       2.88          4.04        2.11      2.00       4.68
累計與上年同期比較
  增減值              1 044      12 666      38 514       4 968      12 342      8 550         5 562      11 622     6 306      6 246
  增減率 (%)           0.43        2.24        4.89        1.36        2.77       3.39          2.51        2.60      2.28       2.48
註：同表 1。
                                 表3     製造業受僱員工每人平均總薪資－按中分類行業別分
                                                                                                                                            單位：元

                                                                   皮革、                 紙漿、       印刷及                                        藥品及
                            食品        飲料                 成衣及                 木竹                            石油及         化學材料       其他化
                                                                   毛皮及                 紙及        資料儲                                        醫用化
   年 月    別      總計        及飼品       及菸草       紡織業       服飾品                 製品                            煤製品          及肥料       學製品
                                                                   其製品                 紙製品       存媒體                                        學製品
                           製造業       製造業                 製造業                 製造業                           製造業          製造業       製造業
                                                                   製造業                 製造業       複製業                                        製造業

110 年累計          726 540   524 220   702 672   487 464   466 992   545 328   444 036   501 888   472 320   1 041 012    923 868   694 668   672 468
111 年累計          759 888   542 352   731 700   503 796   479 364   623 388   455 364   541 152   494 916   1 110 432    954 876   712 416   681 696
112 年累計          749 904   558 312   730 668   502 020   496 548   551 964   466 860   527 820   501 852   1 171 092    944 184   720 108   688 116
113 年累計          787 464   581 424   744 180   529 632   512 100   600 516   488 892   532 056   509 844   1 125 528    943 836   751 308   704 712
114 年累計          832 680   596 412   733 464   543 024   530 016   645 408   506 244   547 080   522 420   1 179 384    962 544   785 808   723 336
         5月       67 079    46 378    52 390    44 039    37 632    48 654    39 552    43 459    39 935     134 408     73 773    57 718    55 221
         6月       57 913    45 605    51 466    42 831    36 955    45 487    39 849    41 021    39 687      90 327     67 557    62 406    51 623
         7月       86 093    46 981    54 690    42 456    49 119    45 075    40 067    41 886    39 709      83 081     67 177    61 936    58 098
         8月       71 203    46 098    60 747    41 659    37 615    48 891    42 018    41 911    40 489      77 692     64 674    59 530    52 997
         9月       62 545    46 164    60 830    42 800    37 837    60 095    41 275    43 574    41 121      73 570     70 007    61 882    54 173
        10 月      60 688    46 196    52 567    42 544    41 945    48 259    40 595    42 504    42 415      78 065     65 789    59 038    53 008
        11 月      67 264    45 324    50 748    42 428    37 945    48 509    40 685    41 783    39 978      74 891     63 131    56 290    52 116
        12 月      66 575    49 072    53 785    44 310    37 937    50 024    41 003    44 581    44 869     149 036     80 621    65 333    58 051
115年1至6月累計○  P   438 756   324 246   404 436   289 740   293 088   351 480   272 802   300 744   283 704     663 078    571 590   443 196   404 202
         1月       78 144    53 478    83 744    50 843    62 870    72 811    51 205    52 302    47 277      76 388    132 039    87 211    72 874
         2月      111 317    84 555    92 243    64 030    75 516    82 134    55 121    77 356    70 302     185 982    152 927   108 401   107 022
         3月       57 536    46 282    69 532    43 802    38 082    53 006    41 243    42 283    41 652      77 045     66 380    59 725    56 015
         4月       58 805    46 846    53 127    43 440    39 522    48 116    41 967    42 143    41 890      78 182     65 978    60 224    58 415
         5 月○R    69 497    46 251    52 947    44 158    37 708    48 202    41 488    42 682    40 133     140 898     78 523    63 929    53 621
         6 月○P    63 604    46 852    53 022    43 344    39 237    46 783    41 747    44 086    42 571     104 299     75 119    63 632    55 943
當月與上月比較
  增減值             -5 893       601        75     - 814     1 529    -1 419       259     1 404     2 438     -36 599     -3 404     - 297     2 322
  增減率 (%)          -8.48      1.30      0.14     -1.84      4.05     -2.94      0.62      3.29      6.07      -25.98      -4.34     -0.46      4.33
當月與上年同月比較
  增減值              5 691     1 247     1 556       513     2 282     1 296     1 898     3 065     2 884     13 972       7 562     1 226     4 320
  增減率 (%)           9.83      2.73      3.02      1.20      6.18      2.85      4.76      7.47      7.27      15.47       11.19      1.96      8.37
累計與上年同期比較
  增減值             20 430     7 482     4 554     3 270     5 634     7 044    12 300    10 110     9 894     20 442      21 024    21 354     9 180
  增減率 (%)           4.88      2.36      1.14      1.14      1.96      2.05      4.72      3.48      3.61       3.18        3.82      5.06      2.32
註：同表 1。
                                表3       製造業受僱員工每人平均總薪資－按中分類行業別分(續)
                                                                                                                                                         單位：元

                                                                        電腦、電                電力                            其他運輸                            產業用
                  橡膠        塑膠       非金屬        基本        金屬        電子                                機械        汽車及
                                                                        子產品及                設備                             工具及 家具              其他        機械設備
   年 月    別       製品        製品       礦物製品       金屬        製品        零組件                               設備        其零件
                                                                        光學製品                及配備                            其零件 製造業             製造業       維修及
                 製造業       製造業       製造業        製造業       製造業       製造業                               製造業       製造業
                                                                         製造業                製造業                            製造業                            安裝業

110 年累計          533 916   525 408    592 776   729 552   478 344   1 138 320   1 032 048   598 572   526 296   577 248    615 612   404 700   528 480   738 276
111 年累計          538 236   545 340    593 196   766 692   485 340   1 196 376   1 076 868   616 260   550 572   599 172    629 532   414 288   545 148   769 584
112 年累計          531 996   553 812    593 664   719 436   492 384   1 136 280   1 071 756   625 320   559 548   607 452    629 448   442 032   569 640   820 668
113 年累計          539 520   575 388    615 180   719 604   508 908   1 228 272   1 105 800   674 292   586 116   624 396    644 772   440 772   586 608   879 768
114 年累計          556 920   598 572    628 668   735 288   526 476   1 333 476   1 139 712   710 760   612 828   645 972    659 124   450 036   610 428   921 864
         5月       43 223    46 691     48 470    54 490    41 300     114 126      86 717    57 672    48 697    51 190     55 741    34 458    49 703    64 622
         6月       43 778    46 758     47 717    55 168    40 671      78 927      84 146    49 199    47 673    46 648     52 360    35 140    45 616    73 389
         7月       43 533    46 601     55 335    54 270    40 776     199 612      87 817    52 786    47 873    51 878     47 942    35 076    46 597    73 727
         8月       44 923    45 419     47 013    55 017    40 038     134 025      95 075    49 599    47 173    48 153     56 296    34 881    48 310    63 509
         9月       41 438    45 013     46 248    53 907    41 007      90 021      92 731    78 411    46 351    48 357     48 727    35 084    50 548    67 421
        10 月      42 538    47 860     47 914    54 119    40 887      84 558     100 307    50 955    47 710    46 525     47 532    35 825    46 373    67 246
        11 月      42 229    47 226     45 090    52 563    39 727     121 987      91 606    47 465    43 867    45 018     47 882    35 330    46 652    63 193
        12 月      43 280    46 995     46 552    77 014    43 057      92 718     110 873    52 254    45 715    54 371     52 573    36 716    46 978   100 336
115年1至6月累計○  P   309 654   329 082    345 198   396 438   289 836     650 694     575 862   395 670   350 982   354 042    359 280   250 032   336 852   497 544
         1月       50 734    59 922     60 353    65 772    51 822     114 048     106 509    72 284    59 676    67 619     63 042    40 755    61 641    79 442
         2月       80 620    79 949     88 967   107 070    70 030     164 128     149 556   108 708    97 376    93 276     92 719    59 158    82 392    90 804
         3月       43 532    46 187     49 201    54 379    41 497      75 910      71 600    48 922    47 912    48 304     49 503    39 730    46 974   115 920
         4月       44 391    47 195     48 387    57 342    41 811      83 729      75 682    51 202    45 488    47 002     49 532    36 273    46 738    69 878
         5 月○R    44 532    47 131     47 077    54 938    42 135     123 551      84 419    51 067    48 358    46 995     54 205    36 982    48 560    63 543
         6 月○P    45 818    48 730     51 257    56 983    42 569      89 822      88 916    63 739    52 263    50 666     50 106    36 867    50 357    78 124
當月與上月比較
  增減值              1 286     1 599      4 180     2 045       434     -33 729      4 497     12 672     3 905     3 671     -4 099     - 115     1 797    14 581
  增減率 (%)           2.89      3.39       8.88      3.72      1.03      -27.30       5.33      24.81      8.08      7.81      -7.56     -0.31      3.70     22.95
當月與上年同月比較
  增減值              2 040     1 972      3 540     1 815     1 898     10 895       4 770     14 540     4 590     4 018     -2 254     1 727     4 741     4 735
  增減率 (%)           4.66      4.22       7.42      3.29      4.67      13.80        5.67      29.55      9.63      8.61      -4.30      4.91     10.39      6.45
累計與上年同期比較
  增減值             10 956     9 744      4 524     8 256     8 850     40 464      14 928     16 152    16 932     2 634      1 584    13 248    12 030    10 782
  增減率 (%)           3.67      3.05       1.33      2.13      3.15       6.63        2.66       4.26      5.07      0.75       0.44      5.59      3.70      2.22
註：同表 1。
                              表4      服務業部門受僱員工每人平均總薪資－按主要行業別分
                                                                                                                                                 單位：元
                              批發及零售業                                                                住宿及餐飲業
                                                                                                                             出版影音
                                                       運輸及                                                                                       資訊、電腦
  年 月     別    總計                                                 汽車        航空        運輸                                     及資通                 程式設計、
                         合計        批發業       零售業       倉儲業                                     合計        住宿業       餐飲業                 電信業
                                                                 貨運業       運輸業       輔助業                                      訊業                 諮詢及相關
                                                                                                                                                  服務業

110 年累計        649 968   582 084   620 220   520 416   687 252   473 448 1 001 376   587 868   418 608   445 236   413 244 902 232 1 134 720 954 876
111 年累計        668 028   592 848   631 476   530 244   743 196   482 712 1 117 188   625 464   433 308   456 216   428 652 943 212 1 187 616 1 007 772
112 年累計        680 928   613 908   646 152   562 188   743 484   478 656 1 256 580   623 364   451 944   479 712   446 220 965 208 1 206 828 1 035 420
113 年累計        710 112   645 768   690 528   574 692   782 208   496 536 1 404 612   649 992   462 816   494 520   456 492 1 005 864 1 294 584 1 072 308
114 年累計        729 888   669 684   714 924   598 404   813 516   502 704 1 485 648   670 572   468 324   500 832   461 808 1 037 208 1 329 696 1 108 620
         5月     59 337    53 764    56 787    48 983    61 179    40 498    90 263    51 084    38 339    40 084    37 993    81 201 101 291      87 281
         6月     56 456    51 854    55 994    45 313    70 029    39 054 148 643      50 168    37 244    37 921    37 110    83 405 145 495      80 679
         7月     55 530    51 846    54 671    47 409    59 938    39 584 108 860      52 807    37 171    38 418    36 921    77 979    91 881    85 527
         8月     57 285    52 031    55 360    46 824    79 445    39 255    90 220    52 404    37 924    38 531    37 803    83 415 121 746      86 419
         9月     55 354    51 578    54 465    47 043    56 264    39 920    87 645    49 144    37 373    38 015    37 243    77 493    84 574    86 031
        10 月    55 943    52 861    55 486    48 743    56 731    40 468    87 937    50 614    38 528    39 973    38 235    76 136    79 059    83 932
        11 月    53 815    50 881    53 433    46 880    56 376    39 027    87 630    48 705    37 478    38 021    37 368    76 307    89 999    82 802
        12 月    61 179    58 748    63 687    51 044    86 542    43 842 255 741      65 725    39 269    41 171    38 884    81 312    78 272    93 342
115年1至6月累計○  P 401 640   361 890   388 344   320 640   426 906   268 374 786 444     353 916   241 794   270 528   236 016 577 026 809 766 599 802
         1月     72 229    65 270    69 149    59 231    75 885    47 590 120 997      65 342    39 564    44 325    38 602 108 512 124 335 118 880
         2月     95 016    81 167    88 936    69 070    98 886    59 490 212 492      82 423    51 281    68 721    47 763 117 483 123 066 127 807
         3月     58 606    53 591    56 897    48 419    62 147    39 791 117 403      49 605    37 301    38 895    36 978 105 553 222 222        97 932
         4月     57 535    53 691    57 697    47 425    58 477    40 350    92 798    51 652    38 086    40 162    37 670    75 376    82 262    82 878
         5 月○R  59 203    54 496    58 203    48 719    60 213    40 248    91 508    51 669    37 706    38 860    37 474    81 976 108 933      86 812
         6 月○P  59 037    53 669    57 482    47 738    71 351    40 902 152 135      53 259    37 863    39 478    37 542    87 774 148 939      85 283
當月與上月比較
  增減值           - 166  - 827  - 721            - 981    11 138       654    60 627     1 590       157       618        68     5 798    40 006     -1 529
  增減率 (%)       -0.28  -1.52  -1.24            -2.01     18.50      1.62     66.25      3.08      0.42      1.59      0.18      7.07     36.73      -1.76
當月與上年同月比較
  增減值           2 581  1 815  1 488            2 425     1 322     1 848     3 492     3 091       619     1 557       432     4 369     3 444     4 604
  增減率 (%)        4.57   3.50   2.66             5.35      1.89      4.73      2.35      6.16      1.66      4.11      1.16      5.24      2.37      5.71
累計與上年同期比較
  增減值          10 644 10 092 10 512           10 062     8 652     7 692    19 908     2 694     1 044     3 222       558    12 666    25 314     9 132
  增減率 (%)        2.72   2.87   2.78             3.24      2.07      2.95      2.60      0.77      0.43      1.21      0.24      2.24      3.23      1.55
註：1. 運輸輔助業不包含其他水上運輸輔助業。
    2. 同表 1。
                             表4        服務業部門受僱員工每人平均總薪資－按主要行業別分(續)
                                                                                                                                                 單位：元
                                                                                                                             醫療保健及社會工作服務業
               金融及                                 證券期貨                   不動產經       支援                            建築物
  年 月     別                                                    不動產業                            人力        保全及                           醫療        社會工作
               保險業         銀行業         保險業         及金融                    營及相關       服務業                           及綠化       合計
                                                                                               供應業       偵探業                           保健業       服務業
                                                   輔助業                    服務業                                      服務業
110 年累計        1 190 508   1 289 508     945 228   1 372 308    684 168    627 252   449 592   462 240   440 676   401 424   774 264   861 588    396 708
111 年累計        1 206 516   1 324 032   1 009 188   1 174 056    682 104    617 400   455 160   458 100   446 736   413 976   801 540   896 448    410 076
112 年累計        1 178 916   1 361 556     993 204   1 005 684    664 044    581 880   470 316   476 124   462 564   426 456   822 192   915 456    430 188
113 年累計        1 287 828   1 428 192   1 128 564   1 223 796    684 828    599 400   487 776   483 720   474 780   448 632   826 632   918 756    440 196
114 年累計        1 319 952   1 486 380   1 164 060   1 192 824    670 500    575 976   496 776   486 624   483 876   465 540   847 716   941 832    458 880
          5月     120 285     131 783      85 639      75 554     52 415     46 704    40 601    40 965    39 734    38 318    67 441    74 861     36 833
          6月      88 724      96 833      82 936      60 602     49 868     43 741    40 614    40 020    41 174    37 872    66 590    73 758     36 883
          7月      88 417      96 831      81 829     103 076     50 046     43 704    40 363    39 446    39 948    38 258    65 941    73 054     36 461
          8月      94 773     122 252      82 579      76 579     51 435     46 956    40 555    39 856    39 572    38 130    64 944    72 002     35 642
          9月      88 162      98 740      81 586      87 296     53 600     45 092    40 538    40 305    39 544    38 252    67 329    74 664     36 879
        10 月      87 747      93 677      92 703      79 048     51 118     46 427    40 852    40 393    40 615    38 488    68 964    76 590     37 456
        11 月      81 960      95 532      77 571      73 265     47 743     42 237    40 204    40 180    39 305    38 245    64 912    71 871     36 146
        12 月      91 570      93 253      97 810      77 474     51 960     46 952    41 878    41 519    40 399    40 964    68 457    75 909     37 684
115年1至6月累計○  P   826 830     920 280     670 950     854 154    369 606    313 944   260 994   249 912   256 296   240 996   459 126   509 838    250 692
          1月     143 329     130 778     104 956     199 048     63 203     50 555    45 250    43 397    42 769    42 635    89 068   100 539     41 944
          2月     258 133     296 478     199 449     277 169    108 087     86 068    49 541    43 267    46 388    41 243   100 924   111 458     57 797
          3月      98 139     119 708      97 405      75 163     48 378     43 189    41 616    40 919    41 987    39 294    66 873    74 017     37 479
          4月     108 007     142 142      91 312      91 690     49 199     44 583    41 345    40 888    41 069    39 103    66 055    72 993     37 426
         5 月○R   117 517     127 060      87 918     105 636     48 949     43 041    41 486    41 215    41 288    39 320    68 316    75 710     37 951
         6 月○P   101 448     103 444      89 524     107 065     51 810     46 429    41 784    40 264    42 782    39 402    67 992    75 263     38 081
當月與上月比較
  增減值          -16 069 -23 616  1 606   1 429                     2 861      3 388       298     - 951     1 494        82     - 324     - 447        130
  增減率 (%)       -13.67  -18.59   1.83    1.35                      5.84       7.87      0.72     -2.31      3.62      0.21     -0.47     -0.59       0.34
當月與上年同月比較
  增減值           12 724   6 611  6 588  46 463                     1 942      2 688     1 170       244     1 608     1 530     1 402     1 505      1 198
  增減率 (%)        14.34    6.83   7.94   76.67                      3.89       6.15      2.88      0.61      3.91      4.04      2.11      2.04       3.25
累計與上年同期比較
  增減值           38 514  33 222 20 298 156 660                     4 968      9 186     8 550     4 938    11 778     7 788    11 622    11 688     11 988
  增減率 (%)         4.89    3.75   3.12   22.46                      1.36       3.01      3.39      2.02      4.82      3.34      2.60      2.35       5.02
註：1. 保險業包含人身保險業、財產保險業及其他保險輔助業。
    2. 同表 1。
                                         表5    工業及服務業受僱員工每人每月經常性薪資
                                                                                                                                     單位：元

 年 月     別    全年           1月       2月        3月       4月       5月         6月         7月       8月       9月       10月       11月       12月

109 年
        平均數    42 281      42 142   42 105    42 100   41 925   41 991     42 120     42 267   42 403   42 512    42 531    42 532    42 735

        中位數    33 910      33 799   33 722    33 710   33 541   33 675     33 823     33 891   34 011   34 055    34 160    34 184    34 323
110 年
        平均數    43 045      42 968   42 675    43 065   43 040   42 689     42 456     42 744   43 044   43 204    43 411    43 470    43 760

        中位數    34 531      34 502   34 335    34 554   34 487   34 173     33 942     34 176   34 406   34 661    34 927    35 019    35 111
111 年
        平均數    44 210      44 196   43 766    44 186   44 164   44 032     44 129     44 194   44 249   44 171    44 312    44 433    44 690

        中位數    35 167      35 278   34 909    35 180   35 065   34 910     35 093     35 140   35 164   35 060    35 261    35 375    35 552
112 年
        平均數    45 197      45 101   44 787    45 161   45 073   45 199     45 130     45 224   45 355   45 188    45 263    45 289    45 582

        中位數    36 085      36 036   35 806    35 980   35 889   36 052     35 978     36 081   36 172   36 106    36 203    36 238    36 455
113 年
        平均數    46 450      46 118   45 910    46 073   46 314   46 460     46 477     46 546   46 732   46 624    46 484    46 701    46 963

        中位數    37 275      37 038   36 918    36 991   37 076   37 258     37 305     37 372   37 509   37 305    37 258    37 511    37 696
114 年
        平均數    47 885      47 445   47 306    47 533   47 760   47 804     47 821     47 903   48 075   48 124    48 285    48 140    48 414

        中位數    38 407      38 140   38 006    38 116   38 139   38 227     38 258     38 300   38 494   38 662    38 777    38 727    38 881
115 年
        平均數     48 981 P
                       ○   48 852   48 497    48 810   49 160   49 222 R
                                                                       ○   49 343 P
                                                                                  ○
              (1至 6月)
        中位數     39 283 P
                       ○   39 155   39 034    39 255   39 369   39 451 R
                                                                       ○   39 453 P
                                                                                  ○
              (1至 6月)
註：1. 經常性薪資中位數之統計方法及資料來源請參閱「肆、附錄」之二。
  2. 同表 1。
                      表6      工業及服務業受僱員工每人每月經常性薪資－按受僱員工個人特性別分
                                                                                                                                                  單位：元
                                                  性別                                                       教育程度別
                    總計                                                                           高級中等
  年 月    別                                男                   女              國中及以下                                   專科及大學                 研究所
                                                                                                (高中、高職)
                平均數       中位數       平均數       中位數       平均數       中位數       平均數       中位數       平均數       中位數       平均數       中位數       平均數       中位數
110 年            43 045    34 531    45 979    36 313    39 675    32 466    33 824    29 169    36 035    31 193    43 786    36 459    72 938    58 596
111 年            44 210    35 167    47 206    36 974    40 791    33 417    34 442    29 887    36 673    31 865    44 837    37 284    75 284    60 816
112 年            45 197    36 085    48 246    37 766    41 701    34 217    35 088    30 490    37 444    32 714    45 785    38 128    76 527    62 015
113 年            46 450    37 275    49 622    38 921    42 820    35 283    35 846    31 222    38 208    33 410    47 306    39 364    78 846    64 332
114 年            47 885    38 407    51 107    40 057    44 211    36 463    36 600    31 881    39 227    34 349    48 954    40 606    81 311    66 667
        5月       47 804    38 227    51 062    39 908    44 081    36 279    36 556    31 712    39 294    34 295    48 834    40 351    81 279    66 373
        6月       47 821    38 258    51 063    39 939    44 119    36 295    36 539    31 744    39 158    34 243    48 786    40 411    81 483    66 628
        7月       47 903    38 300    51 183    40 002    44 160    36 337    36 596    31 915    39 123    34 270    48 820    40 454    81 841    66 853
        8月       48 075    38 494    51 332    40 144    44 363    36 553    36 653    31 996    39 235    34 435    49 035    40 692    81 940    67 128
        9月       48 124    38 662    51 377    40 224    44 419    36 799    36 645    32 011    39 365    34 528    49 235    40 913    81 722    67 229
      10 月       48 285    38 777    51 479    40 332    44 648    36 997    36 723    32 124    39 428    34 704    49 383    41 083    81 969    67 430
       11 月      48 140    38 727    51 342    40 226    44 500    36 963    36 646    32 078    39 416    34 676    49 373    41 080    81 919    67 316
      12 月       48 414    38 881    51 574    40 438    44 822    37 134    36 762    32 183    39 509    34 850    49 588    41 287    82 206    67 784
115年 1至 6月○ P    48 981    39 283    52 141    41 136    45 397    37 392    37 270    32 654    40 111    35 231    50 194    41 759    83 146    68 006
        1月       48 852    39 155    52 018    41 074    45 258    37 239    37 183    32 538    39 809    35 003    49 949    41 719    82 954    68 236
        2月       48 497    39 034    51 580    40 949    45 001    37 130    36 886    32 405    39 617    34 862    49 801    41 625    82 540    67 782
        3月       48 810    39 255    51 997    41 138    45 196    37 346    37 283    32 640    40 235    35 293    50 006    41 673    82 447    67 326
        4月       49 160    39 369    52 302    41 166    45 600    37 500    37 386    32 742    40 320    35 359    50 325    41 775    83 422    67 721
        5 月○R    49 222    39 451    52 430    41 220    45 587    37 566    37 456    32 847    40 393    35 437    50 458    41 857    83 537    68 285
        6 月○P    49 343    39 453    52 521    41 274    45 737    37 570    37 437    32 832    40 305    35 445    50 622    41 938    83 961    68 796
當月與上月比較
  增減值               121         2        91        54       150         4      - 19      - 15      - 88         8       164        81       424       511
  增減率 (%)          0.25      0.01      0.17      0.13      0.33      0.01     -0.05     -0.05     -0.22      0.02      0.33      0.19      0.51      0.75
當月與上年同月比較
  增減值             1 522     1 195     1 458     1 335     1 618     1 275       898     1 088     1 147     1 202     1 836     1 527     2 478     2 168
  增減率 (%)          3.18      3.12      2.86      3.34      3.67      3.51      2.46      3.43      2.93      3.51      3.76      3.78      3.04      3.25
累計與上年同期比較
  增減值             1 369     1 135     1 310     1 221     1 463     1 267       739      985      1 002     1 108     1 528     1 408     2 469     1 808
  增減率 (%)          2.88      2.98      2.58      3.06      3.33      3.51      2.02      3.11      2.56      3.25      3.14      3.49      3.06      2.73
註：同表 5。
                  表6      工業及服務業受僱員工每人每月經常性薪資－按受僱員工個人特性別分(續)
                                                                                                                                                        單位：元
                                                                                年齡別
                                    未滿 30 歲
  年 月   別                                                                       30-39 歲              40-49 歲               50-64 歲              65 歲以上
                   合計               未滿 25 歲               25-29 歲
               平均數       中位數       平均數       中位數       平均數       中位數         平均數       中位數         平均數       中位數        平均數       中位數         平均數       中位數
110 年           31 077    28 215    25 508    25 629    34 994      31 118    41 484      35 324    48 917     39 394    51 487      40 911    46 218    35 744
111 年           32 355    29 429    26 233    26 701    36 523      32 228    42 819      36 076    49 943     39 895    52 204      41 139    46 142    35 390
112 年           33 313    30 191    26 816    27 481    37 695      33 151    43 914      36 702    50 760     40 261    53 190      41 566    46 647    36 449
113 年           34 244    30 893    27 495    28 470    38 839      34 303    45 196      37 840    51 867     41 013    54 721      42 412    47 336    37 796
114 年           35 106    31 816    27 832    29 101    39 961      35 409    46 751      39 084    53 589     42 157    56 765      43 217    47 937    38 206
       5月       35 057    31 678    27 756    29 035    39 866      35 259    46 709      38 933    53 643     42 004    56 847      43 105    47 923    37 856
       6月       34 998    31 663    27 718    28 994    39 855      35 300    46 652      38 965    53 562     42 026    56 811      43 119    48 108    37 962
       7月       34 788    31 578    27 410    28 988    39 991      35 401    46 838      39 090    53 763     42 209    56 993      43 244    48 246    38 098
       8月       35 174    31 896    27 917    29 054    40 106      35 528    46 946      39 192    53 848     42 316    57 026      43 346    48 074    38 063
       9月       35 428    32 164    28 206    29 057    40 314      35 777    47 130      39 324    53 896     42 436    57 015      43 447    48 001    38 074
      10 月      35 355    32 168    27 893    29 179    40 291      35 878    47 211      39 487    54 005     42 554    57 181      43 588    48 219    38 133
      11 月      35 222    32 159    27 683    28 963    40 133      35 747    47 098      39 359    53 936     42 451    57 228      43 554    48 299    38 111
      12 月      35 344    32 229    27 793    29 154    40 244      35 914    47 192      39 524    54 076     42 636    57 422      43 731    48 533    38 365
115年 1至 6月○P    35 732    32 477    27 852    29 825    40 803      36 229    47 887      40 097    54 819     43 065    58 272      43 949    49 100    38 826
       1月       35 484    32 403    27 719    29 825    40 600      35 949    47 597      39 933    54 529     43 034    57 919      43 952    49 055    39 113
       2月       35 492    32 290    27 788    29 737    40 384      35 891    47 361      39 754    54 241     42 733    57 648      43 624    48 515    38 727
       3月       35 804    32 499    28 037    29 979    40 792      36 203    47 809      40 026    54 691     42 999    58 136      43 989    48 745    38 757
       4月       35 840    32 581    27 874    29 874    40 941      36 334    48 091      40 173    55 057     43 132    58 526      44 016    49 287    38 726
       5 月○R    35 848    32 604    27 802    29 837    40 982      36 380    48 168      40 249    55 158     43 237    58 679      44 099    49 397    38 763
       6 月○P    35 928    32 544    27 895    29 890    41 117      36 458    48 292      40 296    55 245     43 274    58 716      44 075    49 585    38 916
當月與上月比較
  增減值               80      - 60        93        53       135          78       124          47        87         37        37        - 24       188       153
  增減率 (%)         0.22     -0.18      0.33      0.18      0.33        0.21      0.26        0.12      0.16       0.09      0.06       -0.05      0.38      0.39
當月與上年同月比較
  增減值              930       881       177       896     1 262       1 158     1 640       1 331     1 683      1 248     1 905         956     1 477       954
  增減率 (%)         2.66      2.78      0.64      3.09      3.17        3.28      3.52        3.42      3.14       2.97      3.35        2.22      3.07      2.51
累計與上年同期比較
  增減值             737        928         3       680     1 062       1 081     1 455       1 237     1 563      1 229     1 891         952     1 460       492
  增減率 (%)         2.11      2.94      0.01      2.33      2.67        3.08      3.13        3.18      2.93       2.94      3.35        2.21      3.06      1.28
註：同表 5。
                                   表7       工業及服務業受僱員工每人每月經常性薪資－按行業別分
                                                                                                                                             單位：元
                                                                                       工業

  年 月     別          總計                               礦業及                             電子             電腦、電子產品          電力及            用水供應及
                                        合計                            製造業             零組件             及光學製品
                                                     土石採取業                                                           燃氣供應業           污染整治業
                                                                                      製造業              製造業
                 平均數 中位數 平均數 中位數 平均數 中位數 平均數 中位數 平均數 中位數 平均數 中位數 平均數 中位數 平均數 中位數
110 年             43 045 34 531 40 898 33 337 43 321 38 494 40 700 32 975 49 672 41 809 48 545 40 507 64 576 59 971 36 273 31 489
111 年             44 210 35 167 42 116 34 250 44 670 39 577 42 024 33 949 51 925 43 143 49 740 41 351 65 034 60 097 36 898 31 892
112 年             45 197 36 085 43 099 34 815 45 413 40 324 42 995 34 440 53 618 43 661 50 917 41 858 65 898 62 031 37 870 33 019
113 年             46 450 37 275 44 331 35 857 46 934 41 221 44 306 35 572 55 399 45 415 52 288 43 052 66 020 62 681 39 161 34 489
114 年             47 885 38 407 45 841 37 059 48 431 42 488 45 850 36 828 57 097 47 062 53 464 43 864 66 136 63 491 40 998 36 295
        5月        47 804 38 227 45 773 36 845 48 440 42 824 45 822 36 647 57 204 46 865 53 358 43 748 65 083 62 852 40 936 36 174
        6月        47 821 38 258 45 780 36 937 48 349 42 347 45 817 36 740 57 119 46 946 53 337 43 614 65 705 63 373 41 102 36 215
        7月        47 903 38 300 45 878 36 978 48 588 42 658 45 902 36 775 57 250 46 925 53 513 43 744 65 617 63 244 41 134 36 308
        8月        48 075 38 494 46 039 37 155 48 380 42 531 46 054 36 948 57 276 46 893 53 631 44 064 65 636 63 347 41 136 36 366
        9月        48 124 38 662 46 102 37 427 48 422 42 546 46 088 37 219 57 262 47 458 53 784 44 342 65 782 62 802 41 254 36 609
       10 月       48 285 38 777 46 178 37 499 48 397 42 727 46 193 37 312 57 425 47 732 53 855 44 395 65 709 63 033 41 308 36 674
       11 月       48 140 38 727 46 083 37 413 48 479 42 858 46 064 37 197 57 358 47 689 53 786 44 133 67 596 64 830 41 469 36 716
       12 月       48 414 38 881 46 329 37 648 48 862 42 820 46 334 37 463 57 409 47 887 53 881 44 163 68 182 65 333 41 448 36 660
115年 1至 6月○ P     48 981 39 283 46 867 37 921 50 139 43 580 46 920 37 746 58 173 48 289 54 178 44 320 68 303 65 211 41 904 37 298
        1月        48 852 39 155 46 787 37 876 49 915 43 733 46 820 37 684 57 935 48 263 54 079 44 241 68 330 65 128 41 843 36 933
        2月        48 497 39 034 46 324 37 562 49 965 43 986 46 467 37 458 57 777 47 985 53 970 44 312 68 504 64 742 41 863 37 483
        3月        48 810 39 255 46 796 37 899 50 162 43 582 46 784 37 674 57 698 47 839 53 816 43 992 68 638 65 885 41 639 37 117
        4月        49 160 39 369 46 992 37 956 50 338 43 656 47 065 37 791 58 566 48 542 54 297 44 351 67 654 64 336 41 891 37 438
        5 月○R     49 222 39 451 47 164 38 116 50 159 43 304 47 210 37 935 58 562 48 589 54 402 44 451 68 044 65 289 42 093 37 573
        6 月○ P    49 343 39 453 47 129 38 106 50 304 43 140 47 170 37 921 58 493 48 552 54 494 44 597 68 652 65 707 42 094 37 285
當月與上月比較
  增減值                121       2     - 35     - 10     145   - 164    - 40    - 14    - 69    - 37       92    146     608     418       1     - 288
  增減率 (%)           0.25    0.01    -0.07    -0.03    0.29   -0.38   -0.08   -0.04   -0.12   -0.08     0.17   0.33    0.89    0.64    0.00     -0.77
當月與上年同月比較
  增減值              1 522   1 195    1 349    1 169   1 955     793   1 353   1 181   1 374   1 606    1 157    983   2 947   2 334     992     1 070
  增減率 (%)           3.18    3.12     2.95     3.16    4.04    1.87    2.95    3.21    2.41    3.42     2.17   2.25    4.49    3.68    2.41      2.95
累計與上年同期比較
  增減值              1 369   1 135    1 286    1 170   1 798   1 321   1 326   1 238   1 313   1 603      999    737   2 454   2 091   1 202     1 313
  增減率 (%)           2.88    2.98     2.82     3.18    3.72    3.13    2.91    3.39    2.31    3.43     1.88   1.69    3.73    3.31    2.95      3.65
註：同表 5。
                           表7      工業及服務業受僱員工每人每月經常性薪資－按行業別分(續 1)
                                                                                                                                          單位：元
                     工業                                                            服務業
                                                                  批發及零售業
  年 月     別         營建                                                                             運輸及             住宿及            出版影音及
                    工程業             合計              小計             批發業             零售業             倉儲業             餐飲業             資通訊業

                 平均數 中位數 平均數 中位數 平均數 中位數 平均數 中位數 平均數 中位數 平均數 中位數 平均數 中位數 平均數 中位數
110 年             40 724 34 481 44 566 35 095 41 971 34 076 44 620 34 983 37 688 32 210 45 064 41 105 32 063 28 641 62 393 48 221
111 年             41 389 34 942 45 687 35 652 43 080 34 492 45 683 35 101 38 860 33 370 46 672 42 390 33 226 29 966 64 344 49 306
112 年             42 445 35 744 46 653 36 648 44 311 35 730 46 806 36 146 40 310 34 478 47 988 42 579 33 981 30 665 65 786 50 182
113 年             43 267 36 360 47 901 37 924 45 838 37 096 48 553 37 735 41 528 35 572 49 696 43 204 34 332 30 960 67 540 51 741
114 年             44 644 37 095 49 273 39 115 47 486 38 230 50 179 39 000 43 243 36 938 51 213 43 369 34 963 31 589 69 601 53 459
        5月        44 402 36 680 49 186 38 959 47 373 37 841 50 015 38 745 43 196 36 628 51 216 43 190 35 403 31 920 69 690 53 301
        6月        44 421 36 764 49 210 38 940 47 202 37 806 49 893 38 708 42 953 36 601 51 372 43 371 35 147 31 724 69 720 53 290
        7月        44 613 36 889 49 278 38 986 47 434 37 949 50 201 38 837 43 087 36 716 51 574 43 637 34 914 31 633 69 616 53 416
        8月        44 856 37 073 49 457 39 139 47 571 38 233 50 319 38 973 43 274 36 885 51 479 43 536 35 198 31 806 69 903 53 653
        9月        45 078 37 401 49 495 39 266 47 725 38 428 50 428 39 093 43 479 37 115 51 419 43 639 35 001 31 573 69 882 53 983
       10 月       44 996 37 329 49 712 39 435 48 025 38 675 50 861 39 429 43 575 37 390 51 544 43 701 34 951 31 707 69 802 53 645
       11 月       44 936 37 320 49 531 39 380 47 885 38 670 50 601 39 214 43 626 37 614 51 655 43 702 34 684 31 575 69 873 53 741
       12 月       45 041 37 414 49 823 39 500 48 052 38 786 50 748 39 332 43 847 37 811 51 975 43 960 34 824 31 720 69 881 53 773
115年 1至 6月○ P     45 323 37 467 50 414 40 209 48 839 39 329 51 754 40 258 44 294 38 064 52 385 44 402 34 754 31 648 71 033 54 629
        1月        45 370 37 455 50 247 39 987 48 475 38 981 51 079 39 674 44 418 37 994 52 272 44 141 34 503 31 643 70 274 54 158
        2月        44 184 36 662 49 964 40 007 48 566 39 189 51 487 40 116 44 017 37 928 51 885 44 086 34 472 31 478 70 572 54 363
        3月        45 628 37 820 50 175 40 192 48 910 39 451 51 795 40 403 44 399 38 094 52 362 44 485 34 631 31 462 70 939 54 622
        4月        45 404 37 504 50 630 40 320 49 016 39 417 52 175 40 425 44 075 37 965 52 523 44 476 34 952 31 813 71 229 54 619
        5 月○ R    45 695 37 707 50 618 40 340 49 007 39 460 51 998 40 467 44 348 38 096 52 657 44 622 34 965 31 777 71 488 54 827
        6 月○ P    45 653 37 714 50 845 40 352 49 062 39 526 51 989 40 465 44 507 38 271 52 611 44 633 35 002 31 774 71 713 55 139
當月與上月比較
  增減值               - 42      7     227      12      55      66      -9      -2     159     175    - 46      11     37       -3     225      312
  增減率 (%)          -0.09   0.02    0.45    0.03    0.11    0.17   -0.02    0.00    0.36    0.46   -0.09    0.02   0.11    -0.01    0.31     0.57
當月與上年同月比較
  增減值              1 232    950   1 635   1 412   1 860   1 720   2 096   1 757   1 554   1 670   1 239   1 262   - 145     50    1 993    1 849
  增減率 (%)           2.77   2.58    3.32    3.63    3.94    4.55    4.20    4.54    3.62    4.56    2.41    2.91   -0.41   0.16     2.86     3.47
累計與上年同期比較
  增減值                958    581   1 420   1 275   1 650   1 458   1 922   1 432   1 290   1 429   1 568   1 320   - 245    140    1 655    1 411
  增減率 (%)           2.16   1.58    2.90    3.27    3.50    3.85    3.86    3.69    3.00    3.90    3.09    3.06   -0.70   0.44     2.39     2.65
註：同表 5。
                           表7      工業及服務業受僱員工每人每月經常性薪資－按行業別分(續 2 完)
                                                                                                                                           單位：元
                                                                          服務業

  年 月     別         金融及                            專業、科學及         支援               教育業             醫療保健及           藝術、娛樂及            其他
                                   不動產業                                          (不含小學以上各級
                    保險業                            技術服務業          服務業                             社會工作服務業          休閒服務業            服務業
                                                                                   公私立學校等)

                 平均數 中位數 平均數 中位數 平均數 中位數 平均數 中位數 平均數 中位數 平均數 中位數 平均數 中位數 平均數 中位數
110 年             65 352 52 428 42 952 36 405 53 748 41 593 34 235 29 016 28 191 26 646 51 652 40 958 36 707 30 733 32 474 25 629
111 年             65 437 52 985 43 055 36 533 55 072 42 487 34 751 29 397 29 376 28 071 53 220 41 938 37 826 31 448 34 540 27 229
112 年             66 019 53 735 43 493 37 102 55 866 43 423 35 742 30 288 30 021 28 955 54 034 42 311 38 148 31 172 35 482 28 225
113 年             69 606 56 330 44 699 37 292 56 844 44 219 36 661 31 445 30 656 29 834 54 293 42 588 39 037 32 286 35 813 29 109
114 年             70 980 58 050 44 683 36 764 58 373 44 836 37 498 32 837 31 663 31 293 56 209 43 797 40 634 32 810 36 713 29 868
        5月        69 775 57 669 44 428 36 307 58 328 44 777 37 556 32 754 31 449 31 259 56 068 43 534 40 670 32 592 36 684 29 862
        6月        70 424 57 418 44 993 36 887 58 410 44 791 37 537 32 789 31 447 30 848 56 505 43 748 40 692 32 549 36 693 29 893
        7月        70 791 57 631 44 953 36 832 58 367 44 794 37 540 32 864 31 559 30 909 56 501 43 741 40 913 32 823 36 634 29 859
        8月        70 856 57 873 44 928 36 691 58 517 44 864 37 623 32 939 31 936 31 389 56 983 44 113 41 143 32 981 36 743 29 976
        9月        70 510 58 307 44 565 36 939 58 696 44 934 37 729 33 183 32 082 31 862 57 061 44 202 41 381 32 976 37 055 30 214
       10 月       71 487 58 593 45 192 37 169 58 895 45 034 37 823 33 333 32 108 32 076 57 274 44 332 40 771 32 591 36 723 30 170
       11 月       71 098 59 044 45 360 37 342 58 816 45 023 37 631 33 309 32 062 32 073 56 766 44 102 40 419 32 324 36 816 30 194
       12 月       72 547 59 031 45 456 37 337 58 820 45 033 37 846 33 435 32 257 32 135 57 240 44 384 40 564 32 483 37 044 30 233
115年 1至 6月○ P     74 369 60 273 45 340 37 647 59 605 45 118 38 286 34 129 32 333 32 165 57 298 44 468 41 114 33 012 37 379 31 008
        1月        74 438 60 159 45 776 37 414 59 189 45 062 38 360 34 054 32 380 32 019 57 630 44 514 40 898 32 678 37 463 30 388
        2月        73 046 59 032 45 084 37 371 59 136 44 849 37 831 33 842 32 080 31 936 56 685 44 298 40 236 32 266 36 794 30 973
        3月        72 045 59 187 45 163 37 534 59 530 45 133 38 322 34 214 32 450 32 458 56 673 44 252 41 370 33 344 37 282 31 484
        4月        75 346 60 935 44 995 37 594 59 851 45 376 38 408 34 279 32 358 32 429 57 335 44 474 41 381 33 319 37 484 30 911
        5 月○ R    74 574 60 931 45 333 37 872 59 905 45 129 38 389 34 164 32 393 32 493 57 607 44 587 41 580 33 430 37 739 31 153
        6 月○ P    76 766 61 541 45 692 38 204 60 026 45 145 38 400 34 219 32 334 31 958 57 855 44 699 41 220 33 153 37 519 31 048
當月與上月比較
  增減值              2 192     610     359     332     121     16     11      55     - 59   - 535      248     112   - 360   - 277   - 220    - 105
  增減率 (%)           2.94    1.00    0.79    0.88    0.20   0.04   0.03    0.16    -0.18   -1.65     0.43    0.25   -0.87   -0.83   -0.58    -0.34
當月與上年同月比較
  增減值              6 342   4 123     699   1 317   1 616    354    863   1 430     887    1 110    1 350     951     528    604     826     1 155
  增減率 (%)           9.01    7.18    1.55    3.57    2.77   0.79   2.30    4.36    2.82     3.60     2.39    2.17    1.30   1.86    2.25      3.86
累計與上年同期比較
  增減值              3 626   2 593   1 051   1 189   1 546    415    991   1 662   1 011    1 327    1 864   1 168     713    202     788     1 364
  增減率 (%)           5.13    4.50    2.37    3.26    2.66   0.93   2.66    5.12    3.23     4.30     3.36    2.70    1.76   0.62    2.15      4.60
註：同表 5。
                      表8   工業及服務業受僱員工人數四等分位組分界點之經常性薪資
                                                                                                                                               單位：元
                                                                       四等分位組之分界點
      年   月   別                1                                   2                              3                                   4
                                                 Q1                             (中位數)                               Q3
    109 年 1 至 6 月                            25 490                             33 711                             47 121
    110 年 1 至 6 月                            25 981                             34 319                             47 758
    111 年 1 至 6 月                            27 133                             35 073                             48 616
    112 年 1 至 6 月                            28 030                             35 958                             49 472
    113 年 1 至 6 月                            29 037                             37 100                             50 322
    114 年 1 至 6 月                            29 855                             38 148                             52 204
    115 年 1 至 6 月○P                          30 615                             39 283                             54 030
  與上年同期比較
   增減值                           760          1 135           1 826
   增減率 (%)                      2.55           2.98            3.50
註：1. 經常性薪資分布圖及各等分位數之統計方法及資料來源請參閱「肆、附錄」之二。
  2. 四等分位組係將所有受僱員工薪資由小至大排列後，按人數等分為 4 組，各組間之分界點即為四等分位數；例如：第 1 四分位數(Quartile 1，縮寫為 Q1)為
    第 1 四分位組與第 2 四分位組之分界點，以此類推。
  3. 同表 1。
                      表9   工業及服務業受僱員工人數十等分位組分界點之經常性薪資
                                                                                                                                               單位：元
                                                                       十等分位組之分界點
      年   月   別        1            2            3             4            5            6            7             8             9            10
                            D1           D2            D3           D4           D5           D6           D7             D8           D9
      109 年 1 至 6 月        23 800       24 856        26 687       29 393       33 711       38 087       44 203         51 414       69 198
      110 年 1 至 6 月        24 000       25 188        27 065       30 063       34 319       38 790       44 812         52 278       70 550
      111 年 1 至 6 月        25 250       26 210        28 386       31 009       35 073       39 756       45 563         53 527       72 631
      112 年 1 至 6 月        26 400       27 049        29 016       31 793       35 958       40 402       45 893         54 764       74 522
      113 年 1 至 6 月        27 470       28 099        29 913       32 708       37 100       41 353       46 615         56 257       76 383
      114 年 1 至 6 月        28 590       29 051        30 764       33 752       38 148       42 379       47 736         58 817       78 531
      115 年 1 至 6 月○P      29 500       29 931        31 381       34 957       39 283       43 603       48 959         60 807       80 929
  與上年同期比較
    增減值                    910  880     617 1 205 1 135 1 224 1 223 1 990   2 398
    增減率 (%)               3.18 3.03    2.01  3.57  2.98  2.89  2.56  3.38    3.05
註：1. 經常性薪資分布圖及各等分位數之統計方法及資料來源請參閱「肆、附錄」之二。
  2. 十等分位組係將所有受僱員工薪資由小至大排列後，按人數等分為 10 組，各組間之分界點即為十等分位數。例如：第 1 十分位數(Decile 1，縮寫為 D1)為
    第 1 十分位組與第 2 十分位組之分界點，以此類推；另第 5 十分位數即為中位數，係指將人數分為二等分之薪資分界點。
  3. 同表 1。
                                          表 10 工業及服務業受僱員工每人每月總工時－按行業別分
                                                                                                                                                                            單位：小時
                                            工業                                                                                    服務業
                                          製造業             用水                     出版        專業、    教育業 醫療保 藝術、
   年    月   別         礦業                              電力
                                                          供應 營建     批發及 運輸及 住宿及 影音 金融及 不動 科學及 支援 (不含小學 健及社 娛樂及 其他
                  合計 及土石                  正常      加班 及燃氣         合計                               以上各級
                         小計                              及污染 工程業    零售業 倉儲業 餐飲業 及資通 保險業 產業 技術 服務業 公私立學 會工作 休閒 服務業
                     採取業                  工時      工時 供應業
                                                         整治業                     訊業        服務業     校等) 服務業 服務業
110 年             174.2   170.5   175.7   160.2   15.5    177.3   170.0   165.6   161.1   158.3   170.0   155.5   161.4   165.6   166.8    162.3   180.0   141.2   158.2   137.6   160.5
111 年             173.5   169.1   174.6   159.6   15.0    178.0   169.9   166.2   162.8   160.5   170.3   157.4   162.5   166.2   168.2    162.9   177.2   146.7   160.1   152.8   165.7
112 年             173.2   168.0   174.4   159.2   15.2    178.0   168.7   166.1   164.8   163.2   171.0   161.0   162.2   165.6   170.1    163.9   177.2   145.7   165.9   162.7   168.6
113 年             175.7   166.6   177.1   160.9   16.2    175.9   167.9   167.3   164.8   163.6   170.5   162.7   162.2   164.3   166.4    163.5   176.5   144.4   165.7   163.8   167.3
114 年             175.2   166.0   176.7   159.5   17.2    172.0   168.1   167.5   164.6   163.4   169.3   162.7   160.0   164.1   165.9    162.7   176.3   145.1   166.6   163.2   166.5
          5月      174.7   165.6   176.3   158.4   17.9    169.0   167.2   166.7   163.0   161.0   167.6   164.3   158.1   161.4   163.5    162.0   175.2   144.7   165.1   159.2   166.7
          6月      181.5   170.3   183.2   165.7   17.5    177.0   174.0   172.7   167.7   166.8   174.2   162.5   164.7   168.1   169.4    168.2   179.0   148.6   169.6   161.4   170.5
          7月      185.8   177.5   187.0   170.0   17.0    180.6   180.2   179.6   177.1   177.4   182.9   170.7   175.1   181.2   176.9    175.1   185.5   154.4   178.7   176.9   178.1
          8月      178.6   168.2   180.2   162.9   17.3    172.4   171.3   170.4   168.1   166.3   172.9   167.3   163.6   167.3   170.7    164.5   180.1   147.3   171.4   170.7   170.5
          9月      179.2   169.2   180.7   163.9   16.8    178.0   172.5   171.9   169.0   168.3   173.8   165.8   164.5   168.0   171.5    166.2   180.2   150.0   172.4   168.5   170.6
         10 月     171.6   161.5   172.8   154.8   18.0    168.4   164.8   165.5   162.5   161.4   166.0   163.3   155.5   160.3   163.6    159.1   174.7   143.5   165.9   164.3   163.8
         11 月     169.0   159.2   170.5   153.3   17.2    164.2   160.7   161.9   160.2   158.8   165.1   158.8   155.6   159.2   161.3    157.6   172.1   140.1   163.5   161.9   160.7
         12 月     186.0   177.8   187.4   169.7   17.7    185.3   179.6   178.6   175.1   174.9   180.0   169.4   170.8   175.4   179.2    173.3   186.1   156.8   177.8   173.7   175.6
115 年 1 至 6 月○P   168.7   161.3   170.2   152.4   17.8    167.4   162.0   161.2   159.3   158.3   163.2   157.9   153.5   157.0   161.0    156.2   172.3   140.3   161.6   161.4   161.1
          1月      179.2   172.1   180.5   162.5   18.0    178.6   173.0   172.5   168.5   167.9   173.4   164.1   163.7   167.4   173.3    165.8   180.9   148.7   171.1   170.1   170.9
          2月      125.7   117.6   127.4   111.6   15.8    121.7   118.3   117.0   121.8   120.1   123.4   132.9   111.6   112.7   120.9    113.1   139.3   100.5   122.8   132.3   121.5
          3月      185.2   179.2   186.5   168.5   18.0    185.5   180.2   178.3   174.3   173.7   179.8   167.3   170.6   174.7   175.8    174.1   186.2   156.9   176.8   170.5   176.3
          4月      172.6   164.1   173.9   155.4   18.5    174.9   164.6   164.9   161.8   161.3   165.0   159.2   156.2   160.0   162.6    159.5   174.3   143.5   164.1   163.4   164.4
          5 月○R   171.9   164.2   173.3   155.0   18.3    168.3   164.9   165.1   162.3   161.2   166.3   161.2   156.3   160.0   163.9    159.8   174.4   143.2   165.2   165.8   165.3
          6 月○P   177.7   170.2   179.3   161.3   18.0    174.6   170.5   169.4   166.7   165.6   171.4   162.5   162.9   167.3   169.2    165.1   178.4   148.8   169.4   166.4   168.5
當月與上月比較
  增減值               5.8     6.0     6.0     6.3    -0.3     6.3     5.6     4.3     4.4     4.4     5.1     1.3     6.6     7.3     5.3      5.3     4.0     5.6     4.2     0.6     3.2
  增減率 (%)          3.37    3.65    3.46    4.06   -1.64    3.74    3.40    2.60    2.71    2.73    3.07    0.81    4.22    4.56    3.23     3.32    2.29    3.91    2.54    0.36    1.94
當月與上年同月比較
  增減值              -3.8    -0.1    -3.9    -4.4    0.5     -2.4    -3.5    -3.3    -1.0    -1.2    -2.8     0.0    -1.8    -0.8     -0.2    -3.1    -0.6     0.2    -0.2     5.0    -2.0
  增減率 (%)         -2.09   -0.06   -2.13   -2.66   2.86    -1.36   -2.01   -1.91   -0.60   -0.72   -1.61    0.00   -1.09   -0.48    -0.12   -1.84   -0.34    0.13   -0.12    3.10   -1.17
累計與上年同期比較
  增減值月比較
當月與上               -3.3    -1.7    -3.4    -4.2    0.8     -1.6    -2.8    -2.5    -1.1    -0.7    -2.0    -1.5    -2.2    -2.6     0.0     -3.2    -0.4    -1.3    -0.1     4.4    -2.1
(增增減率
   減百別  (%)
         分點)      -1.92   -1.04   -1.96   -2.68   4.71    -0.95   -1.70   -1.53   -0.69   -0.44   -1.21   -0.94   -1.41   -1.63    0.00    -2.01   -0.23   -0.92   -0.06    2.80   -1.29
註：同表 1。
                                             表 11        工業及服務業受僱員工人數－按行業別分
                                                                                                                                                      單位：千人
                                    工業                                                                        服務業
                                  用水                     出版        專業、    教育業 醫療保 藝術、
   年 月     別         礦業       電力
                                  供應 營建     批發及 運輸及 住宿及 影音 金融及 不動 科學及 支援 (不含小學 健及社 娛樂及 其他
                  合計 及土石 製造業 及燃氣         合計                               以上各級
                                 及污染 工程業    零售業 倉儲業 餐飲業 及資通 保險業 產業 技術 服務業 公私立學 會工作 休閒 服務業
                     採取業     供應業
                                 整治業                     訊業        服務業     校等) 服務業 服務業
110 年             3 458      3    2 904     35     38    478    4 883   1 703    299    498     267    394      134     341    428    151    485      70     112
111 年             3 477      3    2 919     35     38    482    4 932   1 704    296    505     275    396      137     343    435    157    499      74     112
112 年             3 452      3    2 889     36     39    485    4 971   1 703    297    518     278    401      135     343    436    158    502      83     116
113 年             3 435      3    2 862     36     39    495    5 022   1 713    297    534     276    406      135     343    444    159    513      83     118
114 年             3 448      3    2 869     37     38    501    5 075   1 722    298    553     274    414      133     346    452    161    524      83     115
          5月      3 442      3    2 864     37     38    500    5 055   1 717    297    546     275    414      133     345    450    161    521      82     115
          6月      3 444      3    2 866     37     38    499    5 056   1 717    297    549     273    413      134     345    451    161    520      83     114
          7月      3 455      3    2 875     37     38    501    5 086   1 725    298    557     275    413      134     347    455    161    521      84     115
          8月      3 452      3    2 872     37     38    502    5 093   1 725    299    559     274    415      134     347    455    161    525      84     115
          9月      3 454      3    2 875     37     38    501    5 093   1 723    298    559     274    416      134     347    456    162    528      83     114
         10 月     3 456      3    2 874     37     38    503    5 097   1 725    299    562     273    416      133     347    455    161    530      82     114
         11 月     3 456      3    2 874     37     39    503    5 106   1 729    299    565     272    417      133     347    456    161    532      82     114
         12 月     3 456      3    2 876     37     39    502    5 111   1 732    299    567     272    418      133     347    453    161    532      82     115
115 年 1 至 6 月○P   3 461      3    2 880     37     39    501    5 110   1 733    299    569     270    418      132     344    457    161    533      81     114
          1月      3 460      3    2 880     37     39    501    5 122   1 736    299    572     272    418      132     347    457    161    533      82     115
          2月      3 448      3    2 871     37     38    499    5 107   1 732    298    568     271    418      132     345    455    160    532      81     115
          3月      3 459      3    2 879     37     39    501    5 103   1 731    299    567     270    418      132     345    454    160    532      82     114
          4月      3 462      3    2 881     38     39    502    5 104   1 731    299    567     269    417      132     344    456    161    533      81     113
          5 月○R   3 465      3    2 884     38     39    501    5 109   1 733    299    569     268    418      132     343    458    161    534      81     113
          6 月○P   3 471      3    2 888     38     39    504    5 113   1 732    298    571     267    418      131     343    460    161    535      81     114
當月與上月比較
  增減值                 6      0        4       0      0      3       4      -1      -1      2      -1      0       -1       0      2      0      1      0       1
  增減率 (%)          0.19   0.60     0.15   -0.12   0.09   0.43    0.08   -0.03   -0.05   0.27   -0.34   0.04    -0.23   -0.04   0.48   0.11   0.10   0.77    0.72
當月與上年同月比較
  增減值                27       0      22      1       1      5      57      15      1      22      -6      5       -3      -2      9      0     15      -2      0
  增減率 (%)          0.79   -2.68    0.76   1.06    1.83   0.91    1.13    0.90   0.60    4.03   -2.19   1.10    -1.63   -0.47   2.06   0.25   2.72   -1.55   0.37
累計與上年同期比較
  增減值月比較
當月與上                 20       0      17      0       1      2      57      15      2      24      -5      5       -1      -1      7      1     13      -1      -2
(增 減百別
  增減率   (%)
         分點)       0.59   -2.74    0.61   1.33    0.97   0.40    1.12    0.85   0.51    4.37   -1.81   1.27    -1.09   -0.19   1.61   0.38   2.54   -1.30   -1.27
註：同表 1。
                                     表 12 製造業受僱員工人數－按中分類行業別分
                                                                                                                               單位：千人

                                                               皮革、               紙漿、      印刷及                                  藥品及
                           食品       飲料                成衣及               木竹                         石油及      化學材料      其他化
                                                               毛皮及               紙及       資料儲                                  醫用化
   年 月     別      總計       及飼品      及菸草      紡織業      服飾品               製品                         煤製品       及肥料      學製品
                                                               其製品               紙製品      存媒體                                  學製品
                           製造業      製造業               製造業               製造業                        製造業       製造業      製造業
                                                               製造業               製造業      複製業                                  製造業
110 年              2 904     142       15       96       34       19       16       50       56       11        69       53        33
111 年              2 919     143       14       93       34       19       15       50       55       11        69       53        34
112 年              2 889     147       14       90       33       18       15       49       55       11        67       52        35
113 年              2 862     149       15       87       32       17       15       48       55       11        66       54        36
114 年              2 869     151       14       83       31       17       14       48       54       11        65       54        36
          5月       2 864     151       15       84       31       17       14       48       54       11        65       54        36
          6月       2 866     151       15       83       31       17       14       48       54       11        65       54        36
          7月       2 875     152       15       83       31       17       14       48       54       11        65       54        36
          8月       2 872     151       15       83       31       17       14       47       54       11        65       54        36
          9月       2 875     152       14       82       31       17       14       47       54       11        65       54        36
         10 月      2 874     152       14       82       31       17       14       47       54       11        65       54        36
         11 月      2 874     152       14       82       31       17       14       47       54       11        65       54        36
         12 月      2 876     153       14       81       31       17       14       47       53       11        65       54        36
115 年 1 至 6 月○P    2 880     153       14       80       31       16       14       47       53       11        64       54        36
          1月       2 880     154       14       81       31       17       14       47       53       11        65       54        36
          2月       2 871     152       14       80       30       16       14       47       53       11        65       54        36
          3月       2 879     153       14       80       31       16       14       47       53       11        64       54        36
          4月       2 881     153       14       80       31       16       14       47       53       11        64       54        36
          5 月○R    2 884     152       14       80       30       16       14       47       53       11        64       54        35
          6 月○P    2 888     152       14       79       30       16       14       47       53       11        64       54        35
當月與上月比較
  增減值                  4        0        0       -1        0        0        0        0        0        0         0        0         0
  增減率 (%)           0.15    -0.12     0.16    -0.63    -0.44    -0.35    -0.56    -0.33     0.32    -0.30     -0.46     0.02     -0.27
當月與上年同月比較
  增減值                 22        1       -1       -4       -1       -1        0       -1       -1        0        -1        0        -1
  增減率 (%)           0.76     0.77    -1.22    -5.02    -2.08    -2.95    -3.66    -1.05    -0.84     0.15     -2.16    -0.46     -1.51
累計與上年同期比較
  增減值月比較
當月與上                  17        3       -1       -4        0       -1        0       -1       -1        0        -2        0         0
(增增減率
   減百分  (%)
         點          0.61     1.55    -1.36    -4.95    -1.76    -2.49    -3.83    -1.64    -1.21    -0.62     -1.99    -0.01     -0.67
註：同表 1。
                                      表 12 製造業受僱員工人數－按中分類行業別分(續)
                                                                                                                                     單位：千人

                                                                    電腦、電       電力                         其他運輸                        產業用
                   橡膠       塑膠       非金屬      基本       金屬       電子                      機械       汽車及
                                                                    子產品及       設備                          工具及 家具           其他       機械設備
   年 月     別       製品       製品      礦物製品      金屬       製品       零組件                     設備       其零件
                                                                    光學製品       及配備                         其零件 製造業          製造業      維修及
                  製造業      製造業       製造業      製造業      製造業      製造業                     製造業      製造業
                                                                     製造業       製造業                         製造業                        安裝業
110 年                42      143        71      113      369      630   237      125      244       84        79      32       89        51
111 年                41      140        70      113      368      645   245      127      246       83        81      32       88        52
112 年                40      136        69      112      364      636   246      127      243       83        77      31       85        52
113 年                38      133        70      112      361      631   243      125      241       83        75      31       83        53
114 年                38      130        70      110      360      645   250      125      241       82        72      31       82        54
          5月         38      130        71      111      360      641   249      125      242       81        72      31       82        54
          6月         38      130        71      110      360      643   249      125      241       81        72      31       82        54
          7月         38      130        71      110      361      647   251      125      242       82        72      31       82        54
          8月         38      130        71      110      360      649   252      125      241       81        71      30       81        55
          9月         37      130        71      110      360      651   253      126      241       81        71      30       81        55
         10 月        37      129        71      110      360      652   254      126      240       81        71      30       81        55
         11 月        37      129        71      110      360      653   254      126      240       81        71      30       81        55
         12 月        37      129        71      110      359      655   255      126      240       81        71      30       81        55
115 年 1 至 6 月○P      37      128        71      109      358      661   259      127      240       80        70      30       80        56
          1月         37      129        71      109      359      656   257      127      240       81        71      30       81        56
          2月         37      128        71      109      358      656   257      126      239       80        70      30       81        55
          3月         37      128        71      109      358      659   259      127      240       80        70      30       80        56
          4月         37      128        71      109      358      661   260      127      240       80        70      30       80        56
          5 月○R      37      128        71      109      358      665   261      127      240       80        70      29       80        56
          6 月○P      37      128        71      109      359      669   262      127      241       80        70      29       80        56
當月與上月比較
  增減值                  0        0        0        0        1        4      1        0       1        0          0       0       0          0
  增減率 (%)          -0.37    -0.13     0.19     0.23     0.11     0.60   0.27    -0.04    0.27     0.10      -0.19   -0.56    0.08      -0.01
當月與上年同月比較
  增減值                 -1       -2         0       -1       -1      26     13       2         0       -1        -2      -2       -2        2
  增減率 (%)          -2.71    -1.51     -0.04    -1.02    -0.31    3.97   5.03    1.83     -0.33    -1.63     -2.61   -5.17    -1.88     3.29
累計與上年同期比較
  增減值月比較
當月與上                  -1       -2        1        -2       -2      22     11       2        -1       -2        -2      -1       -2        2
(增增減率
   減百分  (%)
         點         -2.12    -1.52     0.89     -1.77    -0.53    3.45   4.75    1.69     -0.47    -2.02     -3.03   -4.62    -1.80     3.81
註：同表 1。
                                     表 13 服務業部門受僱員工人數－按主要行業別分
                                                                                                                                 單位：千人
                               批發及零售業                                                        住宿及餐飲業
                                                                                                                 出版影音
                                                    運輸及                                                                             資訊、電腦
   年 月     別      總計                                          汽車       航空     運輸                                 及資通                程式設計、
                          合計       批發業      零售業     倉儲業                                 合計      住宿業      餐飲業               電信業      諮詢及相關
                                                             貨運業      運輸業     輔助業                                訊業
                                                                                                                                     服務業

110 年             4 883   1 703     1 052     651     299       72      22         75    498       84      414      267       44       150
111 年             4 932   1 704     1 054     650     296       72      22         74    505       85      419      275       42       160
112 年             4 971   1 703     1 049     654     297       71      24         73    518       89      429      278       42       163
113 年             5 022   1 713     1 051     662     297       71      25         73    534       89      445      276       41       162
114 年             5 075   1 722     1 053     669     298       71      27         73    553       92      461      274       41       162
          5月      5 055   1 717     1 052     665     297       70      27         73    546       90      456      275       41       162
          6月      5 056   1 717     1 051     666     297       70      27         73    549       91      458      273       41       161
          7月      5 086   1 725     1 054     671     298       71      27         73    557       93      464      275       41       163
          8月      5 093   1 725     1 052     673     299       71      27         74    559       93      466      274       41       163
          9月      5 093   1 723     1 053     670     298       71      27         73    559       94      465      274       41       162
         10 月     5 097   1 725     1 053     671     299       71      27         73    562       95      467      273       41       162
         11 月     5 106   1 729     1 055     673     299       71      27         73    565       95      470      272       41       162
         12 月     5 111   1 732     1 055     676     299       70      27         74    567       95      472      272       41       161
115 年 1 至 6 月○P   5 110   1 733     1 056     677     299       70      28         74    569       95      474      270       41       161
          1月      5 122   1 736     1 057     679     299       71      27         74    572       96      475      272       41       162
          2月      5 107   1 732     1 054     677     298       70      27         74    568       95      473      271       41       162
          3月      5 103   1 731     1 056     675     299       71      28         74    567       95      472      270       41       161
          4月      5 104   1 731     1 056     675     299       70      28         74    567       95      472      269       41       161
          5 月○R   5 109   1 733     1 056     677     299       70      28         74    569       95      474      268       41       161
          6 月○P   5 113   1 732     1 055     678     298       70      28         74    571       94      476      267       40       161
當月與上月比較
  增減值                 4       -1       -1       1       -1        0       0       0         2       -1       2        -1       -1         0
  增減率 (%)          0.08    -0.03    -0.10    0.08    -0.05    -0.40    0.40    0.50      0.27    -0.73    0.48     -0.34    -1.10     -0.06
當月與上年同月比較
  增減值                57      15         4      12       1         0       1       1        22       3       18        -6       -1         0
  增減率 (%)          1.13    0.90      0.30    1.85    0.60     -0.67    5.62    2.15      4.03    4.35     3.97     -2.19    -2.14     -0.31
累計與上年同期比較
  增減值月比較
當月與上                 57      15         3      12       2        0        2       1        24       4       19        -5        0        -1
(增增減率
   減百分  (%)
         點         1.12    0.85      0.25    1.80    0.51     0.08     4.95    1.26      4.37    5.13     4.21     -1.81    -1.38     -0.32
註：1. 運輸輔助業不包含其他水上運輸輔助業。
  2. 同表 1。
                                    表 13 服務業部門受僱員工人數－按主要行業別分(續)
                                                                                                                                單位：千人
                                                                                                               醫療保健及社會工作服務業
                  金融及                        證券期貨               不動產經      支援                         建築物
   年 月     別                                          不動產業                         人力       保全及                        醫療       社會工作
                  保險業      銀行業      保險業      及金融                營及相關      服務業                        及綠化       合計
                                                                                   供應業      偵探業                        保健業      服務業
                                             輔助業                服務業                                  服務業
110 年               394      152      129       56       134       86       428      129      103      113      485      394        91
111 年               396      154      127       58       137       89       435      128      105      114      499      401        97
112 年               401      158      127       58       135       87       436      122      105      115      502      406        97
113 年               406      161      128       58       135       89       444      122      108      115      513      415        99
114 年               414      163      131       60       133       87       452      124      110      117      524      422       102
          5月        414      163      131       60       133       87       450      123      110      117      521      419       102
          6月        413      163      132       60       134       87       451      125      109      117      520      419       101
          7月        413      163      132       60       134       88       455      127      110      117      521      420       101
          8月        415      164      132       60       134       87       455      125      110      118      525      423       102
          9月        416      164      132       60       134       88       456      125      111      119      528      426       103
         10 月       416      164      132       61       133       88       455      125      111      118      530      427       103
         11 月       417      164      133       61       133       87       456      125      112      118      532      428       104
         12 月       418      165      133       61       133       87       453      123      111      118      532      428       104
115 年 1 至 6 月○P     418      164      132       61       132       87       457      124      112      119      533      429       104
          1月        418      165      133       61       132       87       457      124      112      119      533      428       104
          2月        418      165      133       61       132       87       455      123      112      118      532      427       104
          3月        418      164      132       61       132       87       454      122      112      118      532      428       104
          4月        417      164      132       61       132       86       456      124      111      119      533      429       104
          5 月○R     418      164      132       62       132       87       458      125      112      119      534      429       105
          6 月○P     418      164      132       62       131       86       460      127      112      119      535      430       105
當月與上月比較
  增減值                  0        0        0        0        -1        -1        2        2        0         0       1        1         0
  增減率 (%)           0.04    -0.09     0.09     0.26     -0.23     -0.37     0.48     1.74     0.64     -0.56    0.10     0.13     -0.03
當月與上年同月比較
  增減值                  5        1        0        2        -3        -1        9        2        3        2       15       11        4
  增減率 (%)           1.10     0.91     0.42     3.34     -1.63     -1.10     2.06     1.86     2.64     1.66     2.72     2.56     3.35
累計與上年同期比較
  增減值月比較
當月與上                   5        1        1        1        -1         0        7        0        2        3       13       11        3
(增增減率
   減百分  (%)
         點          1.27     0.95     1.30     2.66     -1.09     -0.27     1.61     0.53     1.85     2.22     2.54     2.48     2.79
註：1. 保險業包含人身保險業、財產保險業及其他保險輔助業。
  2. 同表 1。
                                          表 14 工業及服務業受僱員工進入率－按行業別分
                                                                                                                                                       單位：%
                                    工業                                                                        服務業
                                         用水                               出版              專業、        教育業 醫療保 藝術、
   年 月    別             礦業         電力
                                         供應 營建            批發及 運輸及 住宿及 影音 金融及 不動 科學及 支援 (不含小學 健及社 娛樂及 其他
                  合計 及土石 製造業 及燃氣                    合計                                               以上各級
                                         及污染 工程業          零售業 倉儲業 餐飲業 及資通 保險業 產業 技術 服務業 公私立學 會工作 休閒 服務業
                        採取業        供應業
                                         整治業                              訊業              服務業         校等) 服務業 服務業
110 年              2.06  1.70 2.02  0.83  1.81 2.44  2.62  2.30 1.60 4.61  2.20 1.22 2.75  2.26 4.55   2.84 1.81 4.88 2.52
111 年              2.11  1.54 2.06  0.70  1.92 2.50  2.48  2.42 1.58 3.97  1.91 1.38 2.60  2.08 4.32   2.27 1.66 3.04 1.89
112 年              1.98  1.57 1.92  0.74  1.87 2.43  2.49  2.36 1.62 4.11  1.87 1.49 2.53  2.03 4.35   2.05 1.77 2.83 2.12
113 年              1.95  1.09 1.89  0.84  1.69 2.42  2.58  2.51 1.56 4.38  1.89 1.44 2.31  2.09 4.52   2.19 1.80 2.77 1.97
114 年              2.01  1.45 1.96  0.81  1.75 2.39  2.59  2.56 1.58 4.33  1.85 1.42 2.45  2.09 4.41   2.14 1.74 2.85 2.06
          5月       1.80  1.10 1.77  1.86  1.56 2.01  2.46  2.36 1.51 4.63  2.04 1.38 2.11  1.72 4.09   1.75 1.52 3.22 1.81
          6月       2.04  1.56 1.98  0.76  1.63 2.44  2.58  2.57 1.62 4.74  1.63 1.32 3.13  2.02 4.22   1.55 1.62 2.87 1.97
          7月       2.55  1.29 2.52  0.64  2.08 2.89  3.35  3.14 2.17 5.48  2.53 1.94 3.07  3.02 5.77   2.50 2.00 5.99 3.18
          8月       2.38  1.01 2.33  0.55  2.02 2.82  3.01  2.97 1.82 4.55  2.10 1.84 2.93  2.22 4.62   3.49 2.76 2.61 2.48
          9月       2.37  1.64 2.28  0.52  1.84 3.05  2.88  2.97 1.64 4.55  1.90 1.62 2.82  2.39 4.47   3.44 2.10 2.58 1.70
         10 月      1.97  1.61 1.88  0.78  1.54 2.67  2.46  2.48 1.56 4.14  1.74 1.14 2.24  2.19 4.03   1.90 1.74 2.09 2.04
         11 月      1.70  1.22 1.66  0.35  2.17 1.99  2.26  2.21 1.37 3.65  1.33 1.27 2.06  1.80 4.07   2.25 1.50 2.22 2.36
         12 月      1.72  1.82 1.77  0.30  1.88 1.54  2.20  2.10 1.32 3.86  1.63 1.17 2.22  1.63 4.08   1.53 1.32 2.19 2.04
115 年 1 至 6 月○P    1.95  1.14 1.89  0.96  1.69 2.33  2.47  2.45 1.56 4.05  1.86 1.30 2.46  1.99 4.34   1.68 1.62 2.71 1.98
          1月       1.81  0.53 1.80  0.63  1.64 1.93  2.42  2.23 1.48 3.99  2.03 1.28 2.40  2.12 5.11   1.02 1.55 1.84 1.77
          2月       1.74  0.16 1.68  0.23  1.31 2.20  2.24  2.20 1.37 3.41  1.43 1.27 2.68  1.93 3.97   1.89 1.65 2.18 1.31
          3月       2.20  0.68 2.16  0.72  2.24 2.58  2.66  2.77 1.78 4.24  1.83 1.21 2.75  2.06 4.45   2.08 1.69 3.60 2.16
          4月       1.95  1.12 1.85  2.21  1.62 2.53  2.48  2.51 1.55 4.04  2.09 1.31 2.02  1.95 4.21   1.82 1.57 2.72 1.68
          5 月○R    1.84  3.14 1.82  1.29  1.70 2.04  2.43  2.46 1.48 4.13  1.81 1.35 2.17  1.79 3.97   1.72 1.58 2.28 2.31
          6 月○P    2.13  1.19 2.05  0.64  1.62 2.70  2.62  2.55 1.67 4.46  1.99 1.38 2.76  2.08 4.34   1.55 1.70 3.66 2.65
增減百分點
 當月與上月比較           0.29   -1.95   0.23   -0.65   -0.08   0.66    0.19    0.09   0.19    0.33   0.18    0.03    0.59   0.29   0.37   -0.17   0.12    1.38   0.34
 當月與上年同月比較         0.09   -0.37   0.07   -0.12   -0.01   0.26    0.04   -0.02   0.05   -0.28   0.36    0.06   -0.37   0.06   0.12    0.00   0.08    0.79   0.68
 累計與上年同期比較         0.04   -0.34   0.04   -0.14    0.12   0.05   -0.02   -0.03   0.05   -0.23   0.03   -0.04    0.12   0.01   0.02   -0.08   0.05   -0.03   0.15
註：同表 1。
                                           表 15 工業及服務業受僱員工退出率－按行業別分
                                                                                                                                                           單位：%
                                    工業                                                                          服務業
                                 用水                      出版        專業、    教育業 醫療保 藝術、
   年 月    別          礦業      電力
                                 供應 營建      批發及 運輸及 住宿及 影音 金融及 不動 科學及 支援 (不含小學 健及社 娛樂及 其他
                  合計 及土石 製造業 及燃氣         合計                               以上各級
                                 及污染 工程業    零售業 倉儲業 餐飲業 及資通 保險業 產業 技術 服務業 公私立學 會工作 休閒 服務業
                     採取業     供應業
                                 整治業                     訊業        服務業     校等) 服務業 服務業
110 年             1.99    1.63    1.94    0.67    1.66    2.41    2.52    2.33    1.68   4.27    1.97   1.16     2.42   2.17   4.42    2.63    1.44    5.34    2.85
111 年             2.08    1.53    2.04    0.62    1.71    2.44    2.45    2.43    1.67   3.98    1.73   1.29     2.64   2.12   4.25    2.20    1.58    2.34    1.68
112 年             2.09    1.49    2.06    0.63    1.72    2.38    2.42    2.34    1.54   3.92    1.93   1.42     2.53   2.02   4.28    1.96    1.67    2.20    1.91
113 年             1.94    1.44    1.90    0.73    1.82    2.24    2.48    2.45    1.60   4.05    1.91   1.31     2.37   2.02   4.31    2.14    1.61    2.96    1.92
114 年             1.98    1.36    1.94    0.70    1.80    2.33    2.50    2.50    1.54   4.00    1.99   1.26     2.55   2.07   4.35    2.07    1.57    2.81    2.23
          5月      1.77    1.30    1.73    0.64    1.70    2.11    2.36    2.35    1.55   3.76    1.92   1.21     1.89   2.00   4.09    1.33    1.63    2.52    2.62
          6月      2.00    0.62    1.91    0.76    2.06    2.56    2.55    2.59    1.65   4.24    2.18   1.45     2.87   2.08   3.88    1.40    1.65    2.39    2.79
          7月      2.25    1.61    2.23    0.98    1.89    2.46    2.76    2.67    1.72   4.05    1.78   1.90     2.76   2.23   4.96    2.36    1.82    4.09    2.63
          8月      2.44    1.85    2.42    0.66    1.73    2.73    2.88    2.95    1.64   4.13    2.46   1.56     3.13   2.27   4.50    3.82    2.00    2.95    2.22
          9月      2.31    1.80    2.18    0.51    1.60    3.26    2.88    3.12    1.77   4.58    2.20   1.34     3.01   2.39   4.25    2.68    1.55    3.73    2.62
         10 月     1.93    2.25    1.91    0.66    1.77    2.17    2.37    2.37    1.36   3.52    2.04   1.15     2.37   2.25   4.37    2.17    1.36    2.97    1.62
         11 月     1.70    1.71    1.65    0.55    1.47    2.04    2.09    1.99    1.42   3.12    1.48   1.01     2.46   1.83   3.86    2.46    1.24    1.96    2.50
         12 月     1.70    0.86    1.71    0.70    1.54    1.78    2.11    1.92    1.33   3.46    1.91   0.88     2.27   1.63   4.59    1.44    1.31    2.06    1.23
115 年 1 至 6 月○P   1.87    1.32    1.82    0.63    1.64    2.26    2.47    2.45    1.56   3.94    2.12   1.31     2.63   2.17   4.08    1.67    1.53    2.95    2.08
          1月      1.71    0.66    1.66    0.83    1.62    2.08    2.21    2.00    1.42   3.25    1.93   1.24     3.28   2.18   4.30    1.49    1.32    2.78    1.55
          2月      2.06    2.76    2.00    0.41    2.22    2.48    2.53    2.44    1.59   3.97    1.88   1.22     2.63   2.27   4.43    2.17    1.85    2.97    1.82
          3月      1.91    1.25    1.89    0.64    1.13    2.19    2.73    2.78    1.51   4.41    2.12   1.42     2.43   2.29   4.67    2.15    1.57    3.04    2.85
          4月      1.86    1.80    1.78    0.62    1.56    2.41    2.46    2.50    1.65   4.15    2.25   1.37     2.44   2.12   3.71    1.32    1.39    2.80    2.09
          5 月○R   1.75    0.89    1.70    0.52    1.76    2.14    2.33    2.38    1.50   3.69    2.24   1.27     2.00   2.06   3.54    1.46    1.46    3.24    2.22
          6 月○P   1.95    0.60    1.91    0.76    1.53    2.27    2.54    2.58    1.72   4.19    2.33   1.34     2.99   2.12   3.86    1.44    1.60    2.90    1.93
增減百分點
 當月與上月比較           0.20   -0.29    0.21    0.24   -0.23    0.13    0.21    0.20   0.22    0.50   0.09    0.07    0.99   0.06    0.32   -0.02    0.14   -0.34   -0.29
 當月與上年同月比較        -0.05   -0.02    0.00    0.00   -0.53   -0.29   -0.01   -0.01   0.07   -0.05   0.15   -0.11    0.12   0.04   -0.02    0.04   -0.05    0.51   -0.86
 累計與上年同期比較        -0.05    0.27   -0.05   -0.10   -0.28    0.01   -0.03   -0.05   0.01   -0.25   0.11    0.09    0.20   0.13   -0.21    0.02   -0.06    0.30   -0.25
註：同表 1。
                         表 16 工業及服務業受僱員工平均薪資及工時－按行業別及僱用型態分
                                                                                                                                單位：千人；元；小時

                                全體受僱員工                       與全體受僱
                                                           本國籍全時受僱員工         部分工時受僱員工
                                                              員工比較
       行   業     別            每人累計 每人每月           每人累計 每人每月 每人累計 每人每月                        每人每月
                                        每人每月                             每人累計 每人每月 每人每月 每人每月
                         每月平均 總薪資 經常性薪       每月平均 總薪資 經常性薪 總薪資 經常性薪 每月平均                     平 均
                                        平 均                              總薪資 經常性薪 平 均 平 均
                         受僱人數 平均數 資平均數       受僱人數 平均數 資平均數 平均數 資平均數 受僱人數                     經常性
                                        總工時                              平均數 資平均數 總工時 總時薪
                                a    b              c    d   c-a  d-b                        時 薪
114 年 1 至 6 月             8 494 397 950   47 612   165.1   7 484 422 532   50 310 +24 582    +2 698   401 131 712    20 485    97.9   224   215
115 年 1 至 6 月○
             P            8 571 411 786   48 981   163.1   7 512 437 184   51 888 +25 398    +2 907   411 135 648    20 852    95.2   237   225
 工業部門                     3 461 426 774   46 867   168.7   2 806 464 286   50 811 +37 512    +3 944    52   94 122   14 612    63.1   249   235
   礦業及土石採取業                  3 472 470    50 139   161.3      3 483 960    51 238 +11 490    +1 099     0   82 188   12 731    52.6   260   243
   製造業                    2 880 438 756   46 920   170.2   2 275 484 782   51 476 +46 026    +4 556    45   91 746   14 139    62.4   245   230
   電力及燃氣供應業                 37 657 180    68 303   167.4     37 642 918    66 805 -14 262    -1 498     0 159 516    25 855    89.5   297   289
   用水供應及污染整治業               39 334 170    41 904   162.0     38 337 428    42 267   +3 258    + 363     1   90 792   14 541    58.5   259   250
   營建工程業                   501 347 616    45 323   161.2    454 357 570    46 899   +9 954   +1 576     7 110 226    17 766    67.7   271   263
 服務業部門                    5 110 401 640   50 414   159.3   4 705 421 020   52 532 +19 380    +2 118   359 141 666    21 757    99.9   236   224
   批發及零售業                 1 733 361 890   48 839   158.3   1 612 374 286   50 307 +12 396    +1 468   115 169 044    25 680   124.0   227   214
   運輸及倉儲業                  299 426 906    52 385   163.2    289 429 126    52 569   +2 220    + 184     8 159 858    22 888   102.6   260   236
   住宿及餐飲業                  569 241 794    34 754   157.9    444 272 382    38 743 +30 588    +3 989   120 125 742    19 580    98.1   214   207
   出版影音及資通訊業               270 577 026    71 033   153.5    261 589 938    72 533 +12 912    +1 500     7 100 170    15 666    66.5   251   238
   金融及保險業                  418 826 830    74 369   157.0    413 833 250    74 848   +6 420    + 479     5 129 450    20 668   101.3   213   205
   不動產業                    132 369 606    45 340   161.0    130 372 198    45 611   +2 592    + 271     2 123 738    18 717    75.7   273   248
   專業、科學及技術服務業             344 457 242    59 605   156.2    332 463 830    60 383   +6 588    + 778     9 127 230    19 715    88.0   241   229
   支援服務業                   457 260 994    38 286   172.3    422 272 850    39 923 +11 856    +1 637    34 112 458    17 753    76.1   246   239
   教育業(不含小學以上各級公私立學校等)     161 227 448    32 333   140.3    136 242 220    34 110 +14 772    +1 777    22 103 734    16 769    65.5   264   257
   醫療保健及社會工作服務業            533 459 126    57 298   161.6    483 483 954    60 187 +24 828    +2 889    29 185 154    27 325    88.1   350   317
   藝術、娛樂及休閒服務業              81 282 504    41 114   161.4     74 297 738    43 238 +15 234    +2 124     7 111 504    17 257    63.8   292   281
   其他服務業                   114 258 498    37 379   161.1    109 260 946    37 685   +2 448    +306      3 110 568    17 828    80.9   228   222
註：1. 行業範圍及總薪資定義同表 1。
  2. 每人每月平均總時薪＝每人累計總薪資平均數／(每人每月平均總工時×累計月數)。
  3. 每人每月平均經常性時薪＝每人每月經常性薪資平均數／每人每月平均正常工時。
  4. 電力及燃氣供應業因外籍受僱員工多屬高階主管或專業人士，致本國籍全時受僱員工平均薪資較全體受僱員工低。
